TBA2020-B-147	FOD-0481	食べログ	The Tabelog Award	Bronze		2020	全国	Variante		https://award.tabelog.com/2020/restaurants/bronze	46232	店舗照合済	2020年Bronze受賞店（公式全488件名簿と照合済・公式掲載順 49/488）
TBA2020-B-148	FOD-0482	食べログ	The Tabelog Award	Bronze		2020	全国	ヴィチーノ		https://award.tabelog.com/2020/restaurants/bronze	46232	店舗照合済	2020年Bronze受賞店（公式全488件名簿と照合済・公式掲載順 50/488）
TBA2020-B-149	FOD-0483	食べログ	The Tabelog Award	Bronze		2020	全国	ヴィンチェロ		https://award.tabelog.com/2020/restaurants/bronze	46232	店舗照合済	2020年Bronze受賞店（公式全488件名簿と照合済・公式掲載順 52/488）
TBA2020-B-150	FOD-0484	食べログ	The Tabelog Award	Bronze		2020	全国	カーザ ヴィニタリア		https://award.tabelog.com/2020/restaurants/bronze	46232	店舗照合済	2020年Bronze受賞店（公式全488件名簿と照合済・公式掲載順 93/488）
TBA2020-B-151	FOD-0485	食べログ	The Tabelog Award	Bronze		2020	全国	潟潟ヤ		https://award.tabelog.com/2020/restaurants/bronze	46232	店舗照合済	2020年Bronze受賞店（公式全488件名簿と照合済・公式掲載順 102/488）
TBA2020-B-152	FOD-0486	食べログ	The Tabelog Award	Bronze		2020	全国	釜あげうどん 長田 in 香の香		https://award.tabelog.com/2020/restaurants/bronze	46232	店舗照合済	2020年Bronze受賞店（公式全488件名簿と照合済・公式掲載順 107/488）
TBA2020-B-153	FOD-0487	食べログ	The Tabelog Award	Bronze		2020	全国	かみその		https://award.tabelog.com/2020/restaurants/bronze	46232	店舗照合済	2020年Bronze受賞店（公式全488件名簿と照合済・公式掲載順 108/488）
TBA2020-B-154	FOD-0488	食べログ	The Tabelog Award	Bronze		2020	全国	カモシヤ クスモト		https://award.tabelog.com/2020/restaurants/bronze	46232	店舗照合済	2020年Bronze受賞店（公式全488件名簿と照合済・公式掲載順 109/488）
TBA2020-B-155	FOD-0489	食べログ	The Tabelog Award	Bronze		2020	全国	カレーライス ディラン		https://award.tabelog.com/2020/restaurants/bronze	46232	店舗照合済	2020年Bronze受賞店（公式全488件名簿と照合済・公式掲載順 110/488）
TBA2020-B-156	FOD-0490	食べログ	The Tabelog Award	Bronze		2020	全国	川喜		https://award.tabelog.com/2020/restaurants/bronze	46232	店舗照合済	2020年Bronze受賞店（公式全488件名簿と照合済・公式掲載順 111/488）
TBA2020-B-157	FOD-0491	食べログ	The Tabelog Award	Bronze		2020	全国	かわむら		https://award.tabelog.com/2020/restaurants/bronze	46232	店舗照合済	2020年Bronze受賞店（公式全488件名簿と照合済・公式掲載順 113/488）
TBA2020-B-158	FOD-0492	食べログ	The Tabelog Award	Bronze		2020	全国	カントニーズ 燕 ケン タカセ		https://award.tabelog.com/2020/restaurants/bronze	46232	店舗照合済	2020年Bronze受賞店（公式全488件名簿と照合済・公式掲載順 114/488）
TBA2020-B-159	FOD-0493	食べログ	The Tabelog Award	Bronze		2020	全国	祇園 呂色		https://award.tabelog.com/2020/restaurants/bronze	46232	店舗照合済	2020年Bronze受賞店（公式全488件名簿と照合済・公式掲載順 116/488）
TBA2020-B-160	FOD-0494	食べログ	The Tabelog Award	Bronze		2020	全国	ぎおん 阪川		https://award.tabelog.com/2020/restaurants/bronze	46232	店舗照合済	2020年Bronze受賞店（公式全488件名簿と照合済・公式掲載順 117/488）
TBA2020-B-161	FOD-0495	食べログ	The Tabelog Award	Bronze		2020	全国	祇園 さゝ木		https://award.tabelog.com/2020/restaurants/bronze	46232	店舗照合済	2020年Bronze受賞店（公式全488件名簿と照合済・公式掲載順 118/488）
TBA2020-B-162	FOD-0496	食べログ	The Tabelog Award	Bronze		2020	全国	祇園 末友		https://award.tabelog.com/2020/restaurants/bronze	46232	店舗照合済	2020年Bronze受賞店（公式全488件名簿と照合済・公式掲載順 119/488）
TBA2020-B-163	FOD-0497	食べログ	The Tabelog Award	Bronze		2020	全国	祇園 にし		https://award.tabelog.com/2020/restaurants/bronze	46232	店舗照合済	2020年Bronze受賞店（公式全488件名簿と照合済・公式掲載順 120/488）
TBA2020-B-164	FOD-0498	食べログ	The Tabelog Award	Bronze		2020	全国	祇園 にしかわ		https://award.tabelog.com/2020/restaurants/bronze	46232	店舗照合済	2020年Bronze受賞店（公式全488件名簿と照合済・公式掲載順 121/488）
TBA2020-B-165	FOD-0499	食べログ	The Tabelog Award	Bronze		2020	全国	祇園 又吉		https://award.tabelog.com/2020/restaurants/bronze	46232	店舗照合済	2020年Bronze受賞店（公式全488件名簿と照合済・公式掲載順 122/488）
TBA2020-B-166	FOD-0500	食べログ	The Tabelog Award	Bronze		2020	全国	祇園 丸山		https://award.tabelog.com/2020/restaurants/bronze	46232	店舗照合済	2020年Bronze受賞店（公式全488件名簿と照合済・公式掲載順 123/488）
TBA2020-B-167	FOD-0501	食べログ	The Tabelog Award	Bronze		2020	全国	季節料理 なかしま		https://award.tabelog.com/2020/restaurants/bronze	46232	店舗照合済	2020年Bronze受賞店（公式全488件名簿と照合済・公式掲載順 124/488）
TBA2020-B-168	FOD-0502	食べログ	The Tabelog Award	Bronze		2020	全国	北島亭		https://award.tabelog.com/2020/restaurants/bronze	46232	店舗照合済	2020年Bronze受賞店（公式全488件名簿と照合済・公式掲載順 125/488）
TBA2020-B-169	FOD-0503	食べログ	The Tabelog Award	Bronze		2020	全国	キメラ		https://award.tabelog.com/2020/restaurants/bronze	46232	店舗照合済	2020年Bronze受賞店（公式全488件名簿と照合済・公式掲載順 126/488）
TBA2020-B-170	FOD-0504	食べログ	The Tabelog Award	Bronze		2020	全国	京懐石 吉泉		https://award.tabelog.com/2020/restaurants/bronze	46232	店舗照合済	2020年Bronze受賞店（公式全488件名簿と照合済・公式掲載順 127/488）
TBA2020-B-171	FOD-0505	食べログ	The Tabelog Award	Bronze		2020	全国	京 上賀茂 御料理秋山		https://award.tabelog.com/2020/restaurants/bronze	46232	店舗照合済	2020年Bronze受賞店（公式全488件名簿と照合済・公式掲載順 128/488）
TBA2020-B-172	FOD-0506	食べログ	The Tabelog Award	Bronze		2020	全国	京都 吉兆 嵐山本店		https://award.tabelog.com/2020/restaurants/bronze	46232	店舗照合済	2020年Bronze受賞店（公式全488件名簿と照合済・公式掲載順 129/488）
TBA2020-B-173	FOD-0507	食べログ	The Tabelog Award	Bronze		2020	全国	魚菜料理 縄屋		https://award.tabelog.com/2020/restaurants/bronze	46232	店舗照合済	2020年Bronze受賞店（公式全488件名簿と照合済・公式掲載順 130/488）
TBA2020-B-174	FOD-0508	食べログ	The Tabelog Award	Bronze		2020	全国	きよ田		https://award.tabelog.com/2020/restaurants/bronze	46232	店舗照合済	2020年Bronze受賞店（公式全488件名簿と照合済・公式掲載順 131/488）
TBA2020-B-175	FOD-0509	食べログ	The Tabelog Award	Bronze		2020	全国	器楽亭		https://award.tabelog.com/2020/restaurants/bronze	46232	店舗照合済	2020年Bronze受賞店（公式全488件名簿と照合済・公式掲載順 132/488）
TBA2020-B-176	FOD-0510	食べログ	The Tabelog Award	Bronze		2020	全国	ぎをん 遠藤		https://award.tabelog.com/2020/restaurants/bronze	46232	店舗照合済	2020年Bronze受賞店（公式全488件名簿と照合済・公式掲載順 133/488）
TBA2020-B-177	FOD-0511	食べログ	The Tabelog Award	Bronze		2020	全国	銀座うかい亭		https://award.tabelog.com/2020/restaurants/bronze	46232	店舗照合済	2020年Bronze受賞店（公式全488件名簿と照合済・公式掲載順 134/488）
TBA2020-B-178	FOD-0512	食べログ	The Tabelog Award	Bronze		2020	全国	銀座 きた福		https://award.tabelog.com/2020/restaurants/bronze	46232	店舗照合済	2020年Bronze受賞店（公式全488件名簿と照合済・公式掲載順 135/488）
TBA2020-B-179	FOD-0513	食べログ	The Tabelog Award	Bronze		2020	全国	銀座くどう		https://award.tabelog.com/2020/restaurants/bronze	46232	店舗照合済	2020年Bronze受賞店（公式全488件名簿と照合済・公式掲載順 136/488）
TBA2020-B-180	FOD-0514	食べログ	The Tabelog Award	Bronze		2020	全国	銀座 小十		https://award.tabelog.com/2020/restaurants/bronze	46232	店舗照合済	2020年Bronze受賞店（公式全488件名簿と照合済・公式掲載順 137/488）
TBA2020-B-181	FOD-0515	食べログ	The Tabelog Award	Bronze		2020	全国	GINZA JOTAKI		https://award.tabelog.com/2020/restaurants/bronze	46232	店舗照合済	2020年Bronze受賞店（公式全488件名簿と照合済・公式掲載順 138/488）
TBA2020-B-182	FOD-0516	食べログ	The Tabelog Award	Bronze		2020	全国	銀座 鮨 かねさか 本店		https://award.tabelog.com/2020/restaurants/bronze	46232	店舗照合済	2020年Bronze受賞店（公式全488件名簿と照合済・公式掲載順 139/488）
TBA2020-B-183	FOD-0517	食べログ	The Tabelog Award	Bronze		2020	全国	銀座 ハプスブルク・ファイルヒェン		https://award.tabelog.com/2020/restaurants/bronze	46232	店舗照合済	2020年Bronze受賞店（公式全488件名簿と照合済・公式掲載順 140/488）
TBA2020-B-184	FOD-0518	食べログ	The Tabelog Award	Bronze		2020	全国	銀座 ひらやま		https://award.tabelog.com/2020/restaurants/bronze	46232	店舗照合済	2020年Bronze受賞店（公式全488件名簿と照合済・公式掲載順 141/488）
TBA2020-B-185	FOD-0519	食べログ	The Tabelog Award	Bronze		2020	全国	銀座ふじやま		https://award.tabelog.com/2020/restaurants/bronze	46232	店舗照合済	2020年Bronze受賞店（公式全488件名簿と照合済・公式掲載順 142/488）
TBA2020-B-186	FOD-0520	食べログ	The Tabelog Award	Bronze		2020	全国	銀座 レカン		https://award.tabelog.com/2020/restaurants/bronze	46232	店舗照合済	2020年Bronze受賞店（公式全488件名簿と照合済・公式掲載順 143/488）
TBA2020-B-187	FOD-0521	食べログ	The Tabelog Award	Bronze		2020	全国	吟八亭 やざ和		https://award.tabelog.com/2020/restaurants/bronze	46232	店舗照合済	2020年Bronze受賞店（公式全488件名簿と照合済・公式掲載順 144/488）
TBA2020-B-188	FOD-0522	食べログ	The Tabelog Award	Bronze		2020	全国	クイントカント		https://award.tabelog.com/2020/restaurants/bronze	46232	店舗照合済	2020年Bronze受賞店（公式全488件名簿と照合済・公式掲載順 145/488）
TBA2020-B-189	FOD-0523	食べログ	The Tabelog Award	Bronze		2020	全国	串揚げはやし		https://award.tabelog.com/2020/restaurants/bronze	46232	店舗照合済	2020年Bronze受賞店（公式全488件名簿と照合済・公式掲載順 146/488）
TBA2020-B-190	FOD-0524	食べログ	The Tabelog Award	Bronze		2020	全国	クッチーナ イタリアーナ ガッルーラ		https://award.tabelog.com/2020/restaurants/bronze	46232	店舗照合済	2020年Bronze受賞店（公式全488件名簿と照合済・公式掲載順 147/488）
TBA2020-B-191	FOD-0525	食べログ	The Tabelog Award	Bronze		2020	全国	クラフタル		https://award.tabelog.com/2020/restaurants/bronze	46232	店舗照合済	2020年Bronze受賞店（公式全488件名簿と照合済・公式掲載順 148/488）
TBA2020-B-192	FOD-0526	食べログ	The Tabelog Award	Bronze		2020	全国	グラン シャン		https://award.tabelog.com/2020/restaurants/bronze	46232	店舗照合済	2020年Bronze受賞店（公式全488件名簿と照合済・公式掲載順 149/488）
TBA2020-B-193	FOD-0527	食べログ	The Tabelog Award	Bronze		2020	全国	グリグリ		https://award.tabelog.com/2020/restaurants/bronze	46232	店舗照合済	2020年Bronze受賞店（公式全488件名簿と照合済・公式掲載順 150/488）
TBA2020-B-194	FOD-0528	食べログ	The Tabelog Award	Bronze		2020	全国	グリルフレンチ		https://award.tabelog.com/2020/restaurants/bronze	46232	店舗照合済	2020年Bronze受賞店（公式全488件名簿と照合済・公式掲載順 151/488）
TBA2020-B-195	FOD-0529	食べログ	The Tabelog Award	Bronze		2020	全国	Crony		https://award.tabelog.com/2020/restaurants/bronze	46232	店舗照合済	2020年Bronze受賞店（公式全488件名簿と照合済・公式掲載順 152/488）
TBA2020-B-196	FOD-0530	食べログ	The Tabelog Award	Bronze		2020	全国	くろぎ		https://award.tabelog.com/2020/restaurants/bronze	46232	店舗照合済	2020年Bronze受賞店（公式全488件名簿と照合済・公式掲載順 153/488）
TBA2020-B-197	FOD-0531	食べログ	The Tabelog Award	Bronze		2020	全国	くろ﨑		https://award.tabelog.com/2020/restaurants/bronze	46232	店舗照合済	2020年Bronze受賞店（公式全488件名簿と照合済・公式掲載順 154/488）
TBA2020-B-198	FOD-0532	食べログ	The Tabelog Award	Bronze		2020	全国	久遠の空		https://award.tabelog.com/2020/restaurants/bronze	46232	店舗照合済	2020年Bronze受賞店（公式全488件名簿と照合済・公式掲載順 155/488）
TBA2020-B-199	FOD-0533	食べログ	The Tabelog Award	Bronze		2020	全国	高太郎		https://award.tabelog.com/2020/restaurants/bronze	46232	店舗照合済	2020年Bronze受賞店（公式全488件名簿と照合済・公式掲載順 156/488）
TBA2020-B-200	FOD-0534	食べログ	The Tabelog Award	Bronze		2020	全国	神戸牛炉釜ステーキ GINZA KOKO炉		https://award.tabelog.com/2020/restaurants/bronze	46232	店舗照合済	2020年Bronze受賞店（公式全488件名簿と照合済・公式掲載順 157/488）
TBA2020-B-201	FOD-0535	食べログ	The Tabelog Award	Bronze		2020	全国	神戸牛炉釜炭焼ステーキ IDEA 銀座		https://award.tabelog.com/2020/restaurants/bronze	46232	店舗照合済	2020年Bronze受賞店（公式全488件名簿と照合済・公式掲載順 158/488）
TBA2020-B-202	FOD-0536	食べログ	The Tabelog Award	Bronze		2020	全国	行楽庵		https://award.tabelog.com/2020/restaurants/bronze	46232	店舗照合済	2020年Bronze受賞店（公式全488件名簿と照合済・公式掲載順 159/488）
TBA2020-B-203	FOD-0537	食べログ	The Tabelog Award	Bronze		2020	全国	豪龍久保		https://award.tabelog.com/2020/restaurants/bronze	46232	店舗照合済	2020年Bronze受賞店（公式全488件名簿と照合済・公式掲載順 160/488）
TBA2020-B-204	FOD-0538	食べログ	The Tabelog Award	Bronze		2020	全国	御幸町 田がわ		https://award.tabelog.com/2020/restaurants/bronze	46232	店舗照合済	2020年Bronze受賞店（公式全488件名簿と照合済・公式掲載順 161/488）
TBA2020-B-205	FOD-0539	食べログ	The Tabelog Award	Bronze		2020	全国	こにし家		https://award.tabelog.com/2020/restaurants/bronze	46232	店舗照合済	2020年Bronze受賞店（公式全488件名簿と照合済・公式掲載順 162/488）
TBA2020-B-206	FOD-0540	食べログ	The Tabelog Award	Bronze		2020	全国	こま田		https://award.tabelog.com/2020/restaurants/bronze	46232	店舗照合済	2020年Bronze受賞店（公式全488件名簿と照合済・公式掲載順 164/488）
TBA2020-B-207	FOD-0541	食べログ	The Tabelog Award	Bronze		2020	全国	哥利歐		https://award.tabelog.com/2020/restaurants/bronze	46232	店舗照合済	2020年Bronze受賞店（公式全488件名簿と照合済・公式掲載順 165/488）
TBA2020-B-208	FOD-0542	食べログ	The Tabelog Award	Bronze		2020	全国	Convivio		https://award.tabelog.com/2020/restaurants/bronze	46232	店舗照合済	2020年Bronze受賞店（公式全488件名簿と照合済・公式掲載順 166/488）
TBA2020-B-209	FOD-0543	食べログ	The Tabelog Award	Bronze		2020	全国	コントワール ミサゴ		https://award.tabelog.com/2020/restaurants/bronze	46232	店舗照合済	2020年Bronze受賞店（公式全488件名簿と照合済・公式掲載順 167/488）
TBA2020-B-210	FOD-0544	食べログ	The Tabelog Award	Bronze		2020	全国	さえき		https://award.tabelog.com/2020/restaurants/bronze	46232	店舗照合済	2020年Bronze受賞店（公式全488件名簿と照合済・公式掲載順 168/488）
TBA2020-B-211	FOD-0545	食べログ	The Tabelog Award	Bronze		2020	全国	サエキ飯店		https://award.tabelog.com/2020/restaurants/bronze	46232	店舗照合済	2020年Bronze受賞店（公式全488件名簿と照合済・公式掲載順 169/488）
TBA2020-B-212	FOD-0546	食べログ	The Tabelog Award	Bronze		2020	全国	佐賀牛 季楽 銀座		https://award.tabelog.com/2020/restaurants/bronze	46232	店舗照合済	2020年Bronze受賞店（公式全488件名簿と照合済・公式掲載順 170/488）
TBA2020-B-213	FOD-0547	食べログ	The Tabelog Award	Bronze		2020	全国	定谷		https://award.tabelog.com/2020/restaurants/bronze	46232	店舗照合済	2020年Bronze受賞店（公式全488件名簿と照合済・公式掲載順 171/488）
TBA2020-B-214	FOD-0548	食べログ	The Tabelog Award	Bronze		2020	全国	SATOブリアン 本店		https://award.tabelog.com/2020/restaurants/bronze	46232	店舗照合済	2020年Bronze受賞店（公式全488件名簿と照合済・公式掲載順 172/488）
TBA2020-B-215	FOD-0549	食べログ	The Tabelog Award	Bronze		2020	全国	SATOブリアン さんごう		https://award.tabelog.com/2020/restaurants/bronze	46232	店舗照合済	2020年Bronze受賞店（公式全488件名簿と照合済・公式掲載順 173/488）
TBA2020-B-216	FOD-0550	食べログ	The Tabelog Award	Bronze		2020	全国	佐藤		https://award.tabelog.com/2020/restaurants/bronze	46232	店舗照合済	2020年Bronze受賞店（公式全488件名簿と照合済・公式掲載順 175/488）
TBA2020-B-217	FOD-0551	食べログ	The Tabelog Award	Bronze		2020	全国	サトブリDA		https://award.tabelog.com/2020/restaurants/bronze	46232	店舗照合済	2020年Bronze受賞店（公式全488件名簿と照合済・公式掲載順 176/488）
TBA2020-B-218	FOD-0552	食べログ	The Tabelog Award	Bronze		2020	全国	サラマンジェ ド イザシ ワキサカ		https://award.tabelog.com/2020/restaurants/bronze	46232	店舗照合済	2020年Bronze受賞店（公式全488件名簿と照合済・公式掲載順 177/488）
TBA2020-B-219	FOD-0553	食べログ	The Tabelog Award	Bronze		2020	全国	茶寮 宮坂		https://award.tabelog.com/2020/restaurants/bronze	46232	店舗照合済	2020年Bronze受賞店（公式全488件名簿と照合済・公式掲載順 178/488）
TBA2020-B-220	FOD-0554	食べログ	The Tabelog Award	Bronze		2020	全国	SALONE TOKYO		https://award.tabelog.com/2020/restaurants/bronze	46232	店舗照合済	2020年Bronze受賞店（公式全488件名簿と照合済・公式掲載順 179/488）
TBA2020-B-221	FOD-0555	食べログ	The Tabelog Award	Bronze		2020	全国	SALONE 2007		https://award.tabelog.com/2020/restaurants/bronze	46232	店舗照合済	2020年Bronze受賞店（公式全488件名簿と照合済・公式掲載順 180/488）
TBA2020-B-222	FOD-0556	食べログ	The Tabelog Award	Bronze		2020	全国	山玄茶		https://award.tabelog.com/2020/restaurants/bronze	46232	店舗照合済	2020年Bronze受賞店（公式全488件名簿と照合済・公式掲載順 181/488）
TBA2020-B-223	FOD-0557	食べログ	The Tabelog Award	Bronze		2020	全国	産直屋 たか		https://award.tabelog.com/2020/restaurants/bronze	46232	店舗照合済	2020年Bronze受賞店（公式全488件名簿と照合済・公式掲載順 182/488）
TBA2020-B-224	FOD-0558	食べログ	The Tabelog Award	Bronze		2020	全国	サンプリシテ		https://award.tabelog.com/2020/restaurants/bronze	46232	店舗照合済	2020年Bronze受賞店（公式全488件名簿と照合済・公式掲載順 183/488）
TBA2020-B-225	FOD-0559	食べログ	The Tabelog Award	Bronze		2020	全国	シェ・イノ		https://award.tabelog.com/2020/restaurants/bronze	46232	店舗照合済	2020年Bronze受賞店（公式全488件名簿と照合済・公式掲載順 184/488）
TBA2020-B-226	FOD-0560	食べログ	The Tabelog Award	Bronze		2020	全国	sio		https://award.tabelog.com/2020/restaurants/bronze	46232	店舗照合済	2020年Bronze受賞店（公式全488件名簿と照合済・公式掲載順 186/488）
TBA2020-B-227	FOD-0561	食べログ	The Tabelog Award	Bronze		2020	全国	重よし		https://award.tabelog.com/2020/restaurants/bronze	46232	店舗照合済	2020年Bronze受賞店（公式全488件名簿と照合済・公式掲載順 187/488）
TBA2020-B-228	FOD-0562	食べログ	The Tabelog Award	Bronze		2020	全国	召膳 無苦庵		https://award.tabelog.com/2020/restaurants/bronze	46232	店舗照合済	2020年Bronze受賞店（公式全488件名簿と照合済・公式掲載順 188/488）
TBA2020-B-229	FOD-0563	食べログ	The Tabelog Award	Bronze		2020	全国	私厨房 勇		https://award.tabelog.com/2020/restaurants/bronze	46232	店舗照合済	2020年Bronze受賞店（公式全488件名簿と照合済・公式掲載順 189/488）
TBA2020-B-230	FOD-0564	食べログ	The Tabelog Award	Bronze		2020	全国	じどりや 穏座		https://award.tabelog.com/2020/restaurants/bronze	46232	店舗照合済	2020年Bronze受賞店（公式全488件名簿と照合済・公式掲載順 190/488）
TBA2020-B-231	FOD-0565	食べログ	The Tabelog Award	Bronze		2020	全国	島之内 一陽		https://award.tabelog.com/2020/restaurants/bronze	46232	店舗照合済	2020年Bronze受賞店（公式全488件名簿と照合済・公式掲載順 191/488）
TBA2020-B-232	FOD-0566	食べログ	The Tabelog Award	Bronze		2020	全国	滋味 康月		https://award.tabelog.com/2020/restaurants/bronze	46232	店舗照合済	2020年Bronze受賞店（公式全488件名簿と照合済・公式掲載順 192/488）
TBA2020-B-233	FOD-0567	食べログ	The Tabelog Award	Bronze		2020	全国	シャントレル		https://award.tabelog.com/2020/restaurants/bronze	46232	店舗照合済	2020年Bronze受賞店（公式全488件名簿と照合済・公式掲載順 193/488）
TBA2020-B-234	FOD-0568	食べログ	The Tabelog Award	Bronze		2020	全国	シュマン		https://award.tabelog.com/2020/restaurants/bronze	46232	店舗照合済	2020年Bronze受賞店（公式全488件名簿と照合済・公式掲載順 195/488）
TBA2020-B-235	FOD-0569	食べログ	The Tabelog Award	Bronze		2020	全国	正泰苑 総本店		https://award.tabelog.com/2020/restaurants/bronze	46232	店舗照合済	2020年Bronze受賞店（公式全488件名簿と照合済・公式掲載順 196/488）
TBA2020-B-236	FOD-0570	食べログ	The Tabelog Award	Bronze		2020	全国	招福樓 本店		https://award.tabelog.com/2020/restaurants/bronze	46232	店舗照合済	2020年Bronze受賞店（公式全488件名簿と照合済・公式掲載順 197/488）
TBA2020-B-237	FOD-0571	食べログ	The Tabelog Award	Bronze		2020	全国	喰善 あべ		https://award.tabelog.com/2020/restaurants/bronze	46232	店舗照合済	2020年Bronze受賞店（公式全488件名簿と照合済・公式掲載順 198/488）
TBA2020-B-238	FOD-0572	食べログ	The Tabelog Award	Bronze		2020	全国	食堂 おがわ		https://award.tabelog.com/2020/restaurants/bronze	46232	店舗照合済	2020年Bronze受賞店（公式全488件名簿と照合済・公式掲載順 199/488）
TBA2020-B-239	FOD-0573	食べログ	The Tabelog Award	Bronze		2020	全国	ジョンティ アッシュ		https://award.tabelog.com/2020/restaurants/bronze	46232	店舗照合済	2020年Bronze受賞店（公式全488件名簿と照合済・公式掲載順 200/488）
TBA2020-B-240	FOD-0574	食べログ	The Tabelog Award	Bronze		2020	全国	白金台こばやし		https://award.tabelog.com/2020/restaurants/bronze	46232	店舗照合済	2020年Bronze受賞店（公式全488件名簿と照合済・公式掲載順 201/488）
TBA2020-B-241	FOD-0575	食べログ	The Tabelog Award	Bronze		2020	全国	sincere		https://award.tabelog.com/2020/restaurants/bronze	46232	店舗照合済	2020年Bronze受賞店（公式全488件名簿と照合済・公式掲載順 202/488）
TBA2020-B-242	FOD-0576	食べログ	The Tabelog Award	Bronze		2020	全国	尽誠		https://award.tabelog.com/2020/restaurants/bronze	46232	店舗照合済	2020年Bronze受賞店（公式全488件名簿と照合済・公式掲載順 203/488）
TBA2020-B-243	FOD-0577	食べログ	The Tabelog Award	Bronze		2020	全国	しんせん 割烹 佐乃家		https://award.tabelog.com/2020/restaurants/bronze	46232	店舗照合済	2020年Bronze受賞店（公式全488件名簿と照合済・公式掲載順 204/488）
TBA2020-B-244	FOD-0578	食べログ	The Tabelog Award	Bronze		2020	全国	新ばし 笹田		https://award.tabelog.com/2020/restaurants/bronze	46232	店舗照合済	2020年Bronze受賞店（公式全488件名簿と照合済・公式掲載順 205/488）
TBA2020-B-245	FOD-0579	食べログ	The Tabelog Award	Bronze		2020	全国	スーツァン・レストラン陳 渋谷店		https://award.tabelog.com/2020/restaurants/bronze	46232	店舗照合済	2020年Bronze受賞店（公式全488件名簿と照合済・公式掲載順 206/488）
TBA2020-B-246	FOD-0580	食べログ	The Tabelog Award	Bronze		2020	全国	スイーツガーデン ユウジアジキ		https://award.tabelog.com/2020/restaurants/bronze	46232	店舗照合済	2020年Bronze受賞店（公式全488件名簿と照合済・公式掲載順 207/488）
TBA2020-B-247	FOD-0581	食べログ	The Tabelog Award	Bronze		2020	全国	須崎食料品店		https://award.tabelog.com/2020/restaurants/bronze	46232	店舗照合済	2020年Bronze受賞店（公式全488件名簿と照合済・公式掲載順 210/488）
TBA2020-B-248	FOD-0582	食べログ	The Tabelog Award	Bronze		2020	全国	寿司 いずみ		https://award.tabelog.com/2020/restaurants/bronze	46232	店舗照合済	2020年Bronze受賞店（公式全488件名簿と照合済・公式掲載順 211/488）
TBA2020-B-249	FOD-0583	食べログ	The Tabelog Award	Bronze		2020	全国	鮨 いまむら		https://award.tabelog.com/2020/restaurants/bronze	46232	店舗照合済	2020年Bronze受賞店（公式全488件名簿と照合済・公式掲載順 213/488）
TBA2020-B-250	FOD-0584	食べログ	The Tabelog Award	Bronze		2020	全国	寿し おおはた		https://award.tabelog.com/2020/restaurants/bronze	46232	店舗照合済	2020年Bronze受賞店（公式全488件名簿と照合済・公式掲載順 215/488）
TBA2020-B-251	FOD-0585	食べログ	The Tabelog Award	Bronze		2020	全国	鮨 おさむ		https://award.tabelog.com/2020/restaurants/bronze	46232	店舗照合済	2020年Bronze受賞店（公式全488件名簿と照合済・公式掲載順 216/488）
TBA2020-B-252	FOD-0586	食べログ	The Tabelog Award	Bronze		2020	全国	鮨 おとわ		https://award.tabelog.com/2020/restaurants/bronze	46232	店舗照合済	2020年Bronze受賞店（公式全488件名簿と照合済・公式掲載順 217/488）
TBA2020-B-253	FOD-0587	食べログ	The Tabelog Award	Bronze		2020	全国	鮨木場谷		https://award.tabelog.com/2020/restaurants/bronze	46232	店舗照合済	2020年Bronze受賞店（公式全488件名簿と照合済・公式掲載順 219/488）
TBA2020-B-254	FOD-0588	食べログ	The Tabelog Award	Bronze		2020	全国	鮨 行天		https://award.tabelog.com/2020/restaurants/bronze	46232	店舗照合済	2020年Bronze受賞店（公式全488件名簿と照合済・公式掲載順 220/488）
TBA2020-B-255	FOD-0589	食べログ	The Tabelog Award	Bronze		2020	全国	すし佐竹		https://award.tabelog.com/2020/restaurants/bronze	46232	店舗照合済	2020年Bronze受賞店（公式全488件名簿と照合済・公式掲載順 222/488）
TBA2020-B-256	FOD-0590	食べログ	The Tabelog Award	Bronze		2020	全国	鮨 志の助		https://award.tabelog.com/2020/restaurants/bronze	46232	店舗照合済	2020年Bronze受賞店（公式全488件名簿と照合済・公式掲載順 223/488）
TBA2020-B-257	FOD-0591	食べログ	The Tabelog Award	Bronze		2020	全国	すし匠 齋藤		https://award.tabelog.com/2020/restaurants/bronze	46232	店舗照合済	2020年Bronze受賞店（公式全488件名簿と照合済・公式掲載順 224/488）
TBA2020-B-258	FOD-0592	食べログ	The Tabelog Award	Bronze		2020	全国	鮨人		https://award.tabelog.com/2020/restaurants/bronze	46232	店舗照合済	2020年Bronze受賞店（公式全488件名簿と照合済・公式掲載順 226/488）
TBA2020-B-259	FOD-0593	食べログ	The Tabelog Award	Bronze		2020	全国	鮨 大門		https://award.tabelog.com/2020/restaurants/bronze	46232	店舗照合済	2020年Bronze受賞店（公式全488件名簿と照合済・公式掲載順 228/488）
TBA2020-B-260	FOD-0594	食べログ	The Tabelog Award	Bronze		2020	全国	鮨 たかはし		https://award.tabelog.com/2020/restaurants/bronze	46232	店舗照合済	2020年Bronze受賞店（公式全488件名簿と照合済・公式掲載順 229/488）
TBA2020-B-261	FOD-0595	食べログ	The Tabelog Award	Bronze		2020	全国	鮨竹		https://award.tabelog.com/2020/restaurants/bronze	46232	店舗照合済	2020年Bronze受賞店（公式全488件名簿と照合済・公式掲載順 230/488）
TBA2020-B-262	FOD-0596	食べログ	The Tabelog Award	Bronze		2020	全国	寿司つばさ		https://award.tabelog.com/2020/restaurants/bronze	46232	店舗照合済	2020年Bronze受賞店（公式全488件名簿と照合済・公式掲載順 231/488）
TBA2020-B-263	FOD-0597	食べログ	The Tabelog Award	Bronze		2020	全国	鮨 とかみ		https://award.tabelog.com/2020/restaurants/bronze	46232	店舗照合済	2020年Bronze受賞店（公式全488件名簿と照合済・公式掲載順 232/488）
TBA2020-B-264	FOD-0598	食べログ	The Tabelog Award	Bronze		2020	全国	寿し処 寿々		https://award.tabelog.com/2020/restaurants/bronze	46232	店舗照合済	2020年Bronze受賞店（公式全488件名簿と照合済・公式掲載順 233/488）
TBA2020-B-265	FOD-0599	食べログ	The Tabelog Award	Bronze		2020	全国	鮨処 つく田		https://award.tabelog.com/2020/restaurants/bronze	46232	店舗照合済	2020年Bronze受賞店（公式全488件名簿と照合済・公式掲載順 235/488）
TBA2020-B-266	FOD-0600	食べログ	The Tabelog Award	Bronze		2020	全国	すし処 宮葉		https://award.tabelog.com/2020/restaurants/bronze	46232	店舗照合済	2020年Bronze受賞店（公式全488件名簿と照合済・公式掲載順 236/488）
TBA2020-B-267	FOD-0601	食べログ	The Tabelog Award	Bronze		2020	全国	鮨舳		https://award.tabelog.com/2020/restaurants/bronze	46232	店舗照合済	2020年Bronze受賞店（公式全488件名簿と照合済・公式掲載順 237/488）
TBA2020-B-268	FOD-0602	食べログ	The Tabelog Award	Bronze		2020	全国	鮨 なかむら		https://award.tabelog.com/2020/restaurants/bronze	46232	店舗照合済	2020年Bronze受賞店（公式全488件名簿と照合済・公式掲載順 238/488）
TBA2020-B-269	FOD-0603	食べログ	The Tabelog Award	Bronze		2020	全国	鮨 なんば 阿佐ヶ谷		https://award.tabelog.com/2020/restaurants/bronze	46232	店舗照合済	2020年Bronze受賞店（公式全488件名簿と照合済・公式掲載順 239/488）
TBA2020-B-270	FOD-0604	食べログ	The Tabelog Award	Bronze		2020	全国	鮨 はしぐち		https://award.tabelog.com/2020/restaurants/bronze	46232	店舗照合済	2020年Bronze受賞店（公式全488件名簿と照合済・公式掲載順 240/488）
TBA2020-B-271	FOD-0605	食べログ	The Tabelog Award	Bronze		2020	全国	鮓 ふじなが		https://award.tabelog.com/2020/restaurants/bronze	46232	店舗照合済	2020年Bronze受賞店（公式全488件名簿と照合済・公式掲載順 242/488）
TBA2020-B-272	FOD-0606	食べログ	The Tabelog Award	Bronze		2020	全国	鮓 村瀬		https://award.tabelog.com/2020/restaurants/bronze	46232	店舗照合済	2020年Bronze受賞店（公式全488件名簿と照合済・公式掲載順 244/488）
TBA2020-B-273	FOD-0607	食べログ	The Tabelog Award	Bronze		2020	全国	すし家 一柳		https://award.tabelog.com/2020/restaurants/bronze	46232	店舗照合済	2020年Bronze受賞店（公式全488件名簿と照合済・公式掲載順 245/488）
TBA2020-B-274	FOD-0608	食べログ	The Tabelog Award	Bronze		2020	全国	鮨 安吉		https://award.tabelog.com/2020/restaurants/bronze	46232	店舗照合済	2020年Bronze受賞店（公式全488件名簿と照合済・公式掲載順 246/488）
TBA2020-B-275	FOD-0609	食べログ	The Tabelog Award	Bronze		2020	全国	すし屋 亙		https://award.tabelog.com/2020/restaurants/bronze	46232	店舗照合済	2020年Bronze受賞店（公式全488件名簿と照合済・公式掲載順 247/488）
TBA2020-B-276	FOD-0610	食べログ	The Tabelog Award	Bronze		2020	全国	鮨 由う		https://award.tabelog.com/2020/restaurants/bronze	46232	店舗照合済	2020年Bronze受賞店（公式全488件名簿と照合済・公式掲載順 248/488）
TBA2020-B-277	FOD-0611	食べログ	The Tabelog Award	Bronze		2020	全国	鮨 よし田		https://award.tabelog.com/2020/restaurants/bronze	46232	店舗照合済	2020年Bronze受賞店（公式全488件名簿と照合済・公式掲載順 249/488）
TBA2020-B-278	FOD-0612	食べログ	The Tabelog Award	Bronze		2020	全国	鮨 竜介		https://award.tabelog.com/2020/restaurants/bronze	46232	店舗照合済	2020年Bronze受賞店（公式全488件名簿と照合済・公式掲載順 250/488）
TBA2020-B-279	FOD-0613	食べログ	The Tabelog Award	Bronze		2020	全国	鈴木		https://award.tabelog.com/2020/restaurants/bronze	46232	店舗照合済	2020年Bronze受賞店（公式全488件名簿と照合済・公式掲載順 251/488）
TBA2020-B-280	FOD-0614	食べログ	The Tabelog Award	Bronze		2020	全国	ステーキハウス キッチンリボン		https://award.tabelog.com/2020/restaurants/bronze	46232	店舗照合済	2020年Bronze受賞店（公式全488件名簿と照合済・公式掲載順 252/488）
TBA2020-B-281	FOD-0615	食べログ	The Tabelog Award	Bronze		2020	全国	Spice&Dining KALA		https://award.tabelog.com/2020/restaurants/bronze	46232	店舗照合済	2020年Bronze受賞店（公式全488件名簿と照合済・公式掲載順 254/488）
TBA2020-B-282	FOD-0616	食べログ	The Tabelog Award	Bronze		2020	全国	炭火割烹 蔓ききょう		https://award.tabelog.com/2020/restaurants/bronze	46232	店舗照合済	2020年Bronze受賞店（公式全488件名簿と照合済・公式掲載順 255/488）
TBA2020-B-283	FOD-0617	食べログ	The Tabelog Award	Bronze		2020	全国	炭火焼 ゆうじ		https://award.tabelog.com/2020/restaurants/bronze	46232	店舗照合済	2020年Bronze受賞店（公式全488件名簿と照合済・公式掲載順 256/488）
TBA2020-B-284	FOD-0618	食べログ	The Tabelog Award	Bronze		2020	全国	炭火焼肉 なかはら		https://award.tabelog.com/2020/restaurants/bronze	46232	店舗照合済	2020年Bronze受賞店（公式全488件名簿と照合済・公式掲載順 257/488）
TBA2020-B-285	FOD-0619	食べログ	The Tabelog Award	Bronze		2020	全国	スリオラ		https://award.tabelog.com/2020/restaurants/bronze	46232	店舗照合済	2020年Bronze受賞店（公式全488件名簿と照合済・公式掲載順 259/488）
TBA2020-B-286	FOD-0620	食べログ	The Tabelog Award	Bronze		2020	全国	青華こばやし		https://award.tabelog.com/2020/restaurants/bronze	46232	店舗照合済	2020年Bronze受賞店（公式全488件名簿と照合済・公式掲載順 260/488）
TBA2020-B-287	FOD-0621	食べログ	The Tabelog Award	Bronze		2020	全国	清壽		https://award.tabelog.com/2020/restaurants/bronze	46232	店舗照合済	2020年Bronze受賞店（公式全488件名簿と照合済・公式掲載順 261/488）
TBA2020-B-288	FOD-0622	食べログ	The Tabelog Award	Bronze		2020	全国	青草窠		https://award.tabelog.com/2020/restaurants/bronze	46232	店舗照合済	2020年Bronze受賞店（公式全488件名簿と照合済・公式掲載順 262/488）
TBA2020-B-289	FOD-0623	食べログ	The Tabelog Award	Bronze		2020	全国	西洋料理 島		https://award.tabelog.com/2020/restaurants/bronze	46232	店舗照合済	2020年Bronze受賞店（公式全488件名簿と照合済・公式掲載順 263/488）
TBA2020-B-290	FOD-0624	食べログ	The Tabelog Award	Bronze		2020	全国	石葉		https://award.tabelog.com/2020/restaurants/bronze	46232	店舗照合済	2020年Bronze受賞店（公式全488件名簿と照合済・公式掲載順 264/488）
TBA2020-B-291	FOD-0625	食べログ	The Tabelog Award	Bronze		2020	全国	SECRETO		https://award.tabelog.com/2020/restaurants/bronze	46232	店舗照合済	2020年Bronze受賞店（公式全488件名簿と照合済・公式掲載順 265/488）
TBA2020-B-292	FOD-0626	食べログ	The Tabelog Award	Bronze		2020	全国	是しん		https://award.tabelog.com/2020/restaurants/bronze	46232	店舗照合済	2020年Bronze受賞店（公式全488件名簿と照合済・公式掲載順 266/488）
TBA2020-B-293	FOD-0627	食べログ	The Tabelog Award	Bronze		2020	全国	セララバアド		https://award.tabelog.com/2020/restaurants/bronze	46232	店舗照合済	2020年Bronze受賞店（公式全488件名簿と照合済・公式掲載順 267/488）
TBA2020-B-294	FOD-0628	食べログ	The Tabelog Award	Bronze		2020	全国	セルサルサーレ		https://award.tabelog.com/2020/restaurants/bronze	46232	店舗照合済	2020年Bronze受賞店（公式全488件名簿と照合済・公式掲載順 268/488）
TBA2020-B-295	FOD-0629	食べログ	The Tabelog Award	Bronze		2020	全国	センス		https://award.tabelog.com/2020/restaurants/bronze	46232	店舗照合済	2020年Bronze受賞店（公式全488件名簿と照合済・公式掲載順 269/488）
TBA2020-B-296	FOD-0630	食べログ	The Tabelog Award	Bronze		2020	全国	千翠		https://award.tabelog.com/2020/restaurants/bronze	46232	店舗照合済	2020年Bronze受賞店（公式全488件名簿と照合済・公式掲載順 270/488）
TBA2020-B-297	FOD-0631	食べログ	The Tabelog Award	Bronze		2020	全国	蕎麦 ふじおか		https://award.tabelog.com/2020/restaurants/bronze	46232	店舗照合済	2020年Bronze受賞店（公式全488件名簿と照合済・公式掲載順 271/488）
TBA2020-B-298	FOD-0632	食べログ	The Tabelog Award	Bronze		2020	全国	第三春美鮨		https://award.tabelog.com/2020/restaurants/bronze	46232	店舗照合済	2020年Bronze受賞店（公式全488件名簿と照合済・公式掲載順 272/488）
TBA2020-B-299	FOD-0633	食べログ	The Tabelog Award	Bronze		2020	全国	大どころ		https://award.tabelog.com/2020/restaurants/bronze	46232	店舗照合済	2020年Bronze受賞店（公式全488件名簿と照合済・公式掲載順 273/488）
TBA2020-B-300	FOD-0634	食べログ	The Tabelog Award	Bronze		2020	全国	鷹匠壽		https://award.tabelog.com/2020/restaurants/bronze	46232	店舗照合済	2020年Bronze受賞店（公式全488件名簿と照合済・公式掲載順 275/488）
TBA2020-B-301	FOD-0635	食べログ	The Tabelog Award	Bronze		2020	全国	高松		https://award.tabelog.com/2020/restaurants/bronze	46232	店舗照合済	2020年Bronze受賞店（公式全488件名簿と照合済・公式掲載順 276/488）
TBA2020-B-302	FOD-0636	食べログ	The Tabelog Award	Bronze		2020	全国	Takumi		https://award.tabelog.com/2020/restaurants/bronze	46232	店舗照合済	2020年Bronze受賞店（公式全488件名簿と照合済・公式掲載順 277/488）
TBA2020-B-303	FOD-0637	食べログ	The Tabelog Award	Bronze		2020	全国	竹ざき		https://award.tabelog.com/2020/restaurants/bronze	46232	店舗照合済	2020年Bronze受賞店（公式全488件名簿と照合済・公式掲載順 279/488）
TBA2020-B-304	FOD-0638	食べログ	The Tabelog Award	Bronze		2020	全国	竹千代		https://award.tabelog.com/2020/restaurants/bronze	46232	店舗照合済	2020年Bronze受賞店（公式全488件名簿と照合済・公式掲載順 280/488）
TBA2020-B-305	FOD-0639	食べログ	The Tabelog Award	Bronze		2020	全国	たこつぼ		https://award.tabelog.com/2020/restaurants/bronze	46232	店舗照合済	2020年Bronze受賞店（公式全488件名簿と照合済・公式掲載順 281/488）
TBA2020-B-306	FOD-0640	食べログ	The Tabelog Award	Bronze		2020	全国	田代		https://award.tabelog.com/2020/restaurants/bronze	46232	店舗照合済	2020年Bronze受賞店（公式全488件名簿と照合済・公式掲載順 282/488）
TBA2020-B-307	FOD-0641	食べログ	The Tabelog Award	Bronze		2020	全国	たてもと		https://award.tabelog.com/2020/restaurants/bronze	46232	店舗照合済	2020年Bronze受賞店（公式全488件名簿と照合済・公式掲載順 283/488）
TBA2020-B-308	FOD-0021	食べログ	The Tabelog Award	Bronze		2020	全国	谷川米穀店		https://award.tabelog.com/2020/restaurants/bronze	46232	店舗照合済	2020年Bronze受賞店（公式全488件名簿と照合済・公式掲載順 284/488）
TBA2020-B-309	FOD-0642	食べログ	The Tabelog Award	Bronze		2020	全国	多仁本		https://award.tabelog.com/2020/restaurants/bronze	46232	店舗照合済	2020年Bronze受賞店（公式全488件名簿と照合済・公式掲載順 285/488）
TBA2020-B-310	FOD-0643	食べログ	The Tabelog Award	Bronze		2020	全国	太平寿し		https://award.tabelog.com/2020/restaurants/bronze	46232	店舗照合済	2020年Bronze受賞店（公式全488件名簿と照合済・公式掲載順 286/488）
TBA2020-B-311	FOD-0644	食べログ	The Tabelog Award	Bronze		2020	全国	ダム・ジャンヌ		https://award.tabelog.com/2020/restaurants/bronze	46232	店舗照合済	2020年Bronze受賞店（公式全488件名簿と照合済・公式掲載順 288/488）
TBA2020-B-312	FOD-0645	食べログ	The Tabelog Award	Bronze		2020	全国	cenci		https://award.tabelog.com/2020/restaurants/bronze	46232	店舗照合済	2020年Bronze受賞店（公式全488件名簿と照合済・公式掲載順 289/488）
TBA2020-B-313	FOD-0646	食べログ	The Tabelog Award	Bronze		2020	全国	馳走 啐啄一十		https://award.tabelog.com/2020/restaurants/bronze	46232	店舗照合済	2020年Bronze受賞店（公式全488件名簿と照合済・公式掲載順 290/488）
TBA2020-B-314	FOD-0647	食べログ	The Tabelog Award	Bronze		2020	全国	馳走 とし藤		https://award.tabelog.com/2020/restaurants/bronze	46232	店舗照合済	2020年Bronze受賞店（公式全488件名簿と照合済・公式掲載順 291/488）
TBA2020-B-315	FOD-0648	食べログ	The Tabelog Award	Bronze		2020	全国	中華 うずまき		https://award.tabelog.com/2020/restaurants/bronze	46232	店舗照合済	2020年Bronze受賞店（公式全488件名簿と照合済・公式掲載順 293/488）
TBA2020-B-316	FOD-0649	食べログ	The Tabelog Award	Bronze		2020	全国	中華そば しば田		https://award.tabelog.com/2020/restaurants/bronze	46232	店舗照合済	2020年Bronze受賞店（公式全488件名簿と照合済・公式掲載順 294/488）
TBA2020-B-317	FOD-0650	食べログ	The Tabelog Award	Bronze		2020	全国	中華たかせ		https://award.tabelog.com/2020/restaurants/bronze	46232	店舗照合済	2020年Bronze受賞店（公式全488件名簿と照合済・公式掲載順 296/488）
TBA2020-B-318	FOD-0651	食べログ	The Tabelog Award	Bronze		2020	全国	趙楊		https://award.tabelog.com/2020/restaurants/bronze	46232	店舗照合済	2020年Bronze受賞店（公式全488件名簿と照合済・公式掲載順 297/488）
TBA2020-B-319	FOD-0652	食べログ	The Tabelog Award	Bronze		2020	全国	TSU・SHI・MI		https://award.tabelog.com/2020/restaurants/bronze	46232	店舗照合済	2020年Bronze受賞店（公式全488件名簿と照合済・公式掲載順 298/488）
TBA2020-B-320	FOD-0653	食べログ	The Tabelog Award	Bronze		2020	全国	土家		https://award.tabelog.com/2020/restaurants/bronze	46232	店舗照合済	2020年Bronze受賞店（公式全488件名簿と照合済・公式掲載順 299/488）
TBA2020-B-321	FOD-0654	食べログ	The Tabelog Award	Bronze		2020	全国	THIERRY MARX salon		https://award.tabelog.com/2020/restaurants/bronze	46232	店舗照合済	2020年Bronze受賞店（公式全488件名簿と照合済・公式掲載順 301/488）
TBA2020-B-322	FOD-0655	食べログ	The Tabelog Award	Bronze		2020	全国	照寿司		https://award.tabelog.com/2020/restaurants/bronze	46232	店舗照合済	2020年Bronze受賞店（公式全488件名簿と照合済・公式掲載順 303/488）
TBA2020-B-323	FOD-0656	食べログ	The Tabelog Award	Bronze		2020	全国	天神橋 青木		https://award.tabelog.com/2020/restaurants/bronze	46232	店舗照合済	2020年Bronze受賞店（公式全488件名簿と照合済・公式掲載順 304/488）
TBA2020-B-324	FOD-0657	食べログ	The Tabelog Award	Bronze		2020	全国	天ぷら 蕎楽亭		https://award.tabelog.com/2020/restaurants/bronze	46232	店舗照合済	2020年Bronze受賞店（公式全488件名簿と照合済・公式掲載順 305/488）
TBA2020-B-325	FOD-0658	食べログ	The Tabelog Award	Bronze		2020	全国	てんぷら 近藤		https://award.tabelog.com/2020/restaurants/bronze	46232	店舗照合済	2020年Bronze受賞店（公式全488件名簿と照合済・公式掲載順 306/488）
TBA2020-B-326	FOD-0659	食べログ	The Tabelog Award	Bronze		2020	全国	天ぷら 松		https://award.tabelog.com/2020/restaurants/bronze	46232	店舗照合済	2020年Bronze受賞店（公式全488件名簿と照合済・公式掲載順 307/488）
TBA2020-B-327	FOD-0660	食べログ	The Tabelog Award	Bronze		2020	全国	天ぷら 元吉		https://award.tabelog.com/2020/restaurants/bronze	46232	店舗照合済	2020年Bronze受賞店（公式全488件名簿と照合済・公式掲載順 308/488）
TBA2020-B-328	FOD-0661	食べログ	The Tabelog Award	Bronze		2020	全国	天冨良 よこ田		https://award.tabelog.com/2020/restaurants/bronze	46232	店舗照合済	2020年Bronze受賞店（公式全488件名簿と照合済・公式掲載順 309/488）
TBA2020-B-329	FOD-0662	食べログ	The Tabelog Award	Bronze		2020	全国	TTOAHISU		https://award.tabelog.com/2020/restaurants/bronze	46232	店舗照合済	2020年Bronze受賞店（公式全488件名簿と照合済・公式掲載順 310/488）
TBA2020-B-330	FOD-0663	食べログ	The Tabelog Award	Bronze		2020	全国	トゥールダルジャン 東京		https://award.tabelog.com/2020/restaurants/bronze	46232	店舗照合済	2020年Bronze受賞店（公式全488件名簿と照合済・公式掲載順 311/488）
TBA2020-B-331	FOD-0664	食べログ	The Tabelog Award	Bronze		2020	全国	東京チャイニーズ 一凛		https://award.tabelog.com/2020/restaurants/bronze	46232	店舗照合済	2020年Bronze受賞店（公式全488件名簿と照合済・公式掲載順 312/488）
TBA2020-B-332	FOD-0665	食べログ	The Tabelog Award	Bronze		2020	全国	徳 うち山		https://award.tabelog.com/2020/restaurants/bronze	46232	店舗照合済	2020年Bronze受賞店（公式全488件名簿と照合済・公式掲載順 314/488）
TBA2020-B-333	FOD-0666	食べログ	The Tabelog Award	Bronze		2020	全国	得仙		https://award.tabelog.com/2020/restaurants/bronze	46232	店舗照合済	2020年Bronze受賞店（公式全488件名簿と照合済・公式掲載順 315/488）
TBA2020-B-334	FOD-0667	食べログ	The Tabelog Award	Bronze		2020	全国	トマト		https://award.tabelog.com/2020/restaurants/bronze	46232	店舗照合済	2020年Bronze受賞店（公式全488件名簿と照合済・公式掲載順 317/488）
TBA2020-B-335	FOD-0668	食べログ	The Tabelog Award	Bronze		2020	全国	トムクリオーザ		https://award.tabelog.com/2020/restaurants/bronze	46232	店舗照合済	2020年Bronze受賞店（公式全488件名簿と照合済・公式掲載順 318/488）
TBA2020-B-336	FOD-0669	食べログ	The Tabelog Award	Bronze		2020	全国	鶏一途		https://award.tabelog.com/2020/restaurants/bronze	46232	店舗照合済	2020年Bronze受賞店（公式全488件名簿と照合済・公式掲載順 319/488）
TBA2020-B-337	FOD-0670	食べログ	The Tabelog Award	Bronze		2020	全国	とり喜		https://award.tabelog.com/2020/restaurants/bronze	46232	店舗照合済	2020年Bronze受賞店（公式全488件名簿と照合済・公式掲載順 320/488）
TBA2020-B-338	FOD-0671	食べログ	The Tabelog Award	Bronze		2020	全国	鳥さわ		https://award.tabelog.com/2020/restaurants/bronze	46232	店舗照合済	2020年Bronze受賞店（公式全488件名簿と照合済・公式掲載順 321/488）
TBA2020-B-339	FOD-0672	食べログ	The Tabelog Award	Bronze		2020	全国	鳥さわ22		https://award.tabelog.com/2020/restaurants/bronze	46232	店舗照合済	2020年Bronze受賞店（公式全488件名簿と照合済・公式掲載順 322/488）
TBA2020-B-340	FOD-0673	食べログ	The Tabelog Award	Bronze		2020	全国	鳥田中		https://award.tabelog.com/2020/restaurants/bronze	46232	店舗照合済	2020年Bronze受賞店（公式全488件名簿と照合済・公式掲載順 323/488）
TBA2020-B-341	FOD-0674	食べログ	The Tabelog Award	Bronze		2020	全国	鳥長		https://award.tabelog.com/2020/restaurants/bronze	46232	店舗照合済	2020年Bronze受賞店（公式全488件名簿と照合済・公式掲載順 324/488）
TBA2020-B-342	FOD-0675	食べログ	The Tabelog Award	Bronze		2020	全国	トロワフレーシュ		https://award.tabelog.com/2020/restaurants/bronze	46232	店舗照合済	2020年Bronze受賞店（公式全488件名簿と照合済・公式掲載順 325/488）
TBA2020-B-343	FOD-0676	食べログ	The Tabelog Award	Bronze		2020	全国	とん太		https://award.tabelog.com/2020/restaurants/bronze	46232	店舗照合済	2020年Bronze受賞店（公式全488件名簿と照合済・公式掲載順 326/488）
TBA2020-B-344	FOD-0677	食べログ	The Tabelog Award	Bronze		2020	全国	なか條		https://award.tabelog.com/2020/restaurants/bronze	46232	店舗照合済	2020年Bronze受賞店（公式全488件名簿と照合済・公式掲載順 329/488）
TBA2020-B-345	FOD-0678	食べログ	The Tabelog Award	Bronze		2020	全国	中勢以 内店		https://award.tabelog.com/2020/restaurants/bronze	46232	店舗照合済	2020年Bronze受賞店（公式全488件名簿と照合済・公式掲載順 330/488）
TBA2020-B-346	FOD-0679	食べログ	The Tabelog Award	Bronze		2020	全国	なかむら		https://award.tabelog.com/2020/restaurants/bronze	46232	店舗照合済	2020年Bronze受賞店（公式全488件名簿と照合済・公式掲載順 331/488）
TBA2020-B-347	FOD-0680	食べログ	The Tabelog Award	Bronze		2020	全国	ナベノ-イズム		https://award.tabelog.com/2020/restaurants/bronze	46232	店舗照合済	2020年Bronze受賞店（公式全488件名簿と照合済・公式掲載順 332/488）
TBA2020-B-348	FOD-0681	食べログ	The Tabelog Award	Bronze		2020	全国	生粋		https://award.tabelog.com/2020/restaurants/bronze	46232	店舗照合済	2020年Bronze受賞店（公式全488件名簿と照合済・公式掲載順 333/488）
TBA2020-B-349	FOD-0682	食べログ	The Tabelog Award	Bronze		2020	全国	生ホルモン処 おさむちゃん。		https://award.tabelog.com/2020/restaurants/bronze	46232	店舗照合済	2020年Bronze受賞店（公式全488件名簿と照合済・公式掲載順 334/488）
TBA2020-B-350	FOD-0683	食べログ	The Tabelog Award	Bronze		2020	全国	奈良 而今		https://award.tabelog.com/2020/restaurants/bronze	46232	店舗照合済	2020年Bronze受賞店（公式全488件名簿と照合済・公式掲載順 335/488）
TBA2020-B-351	FOD-0684	食べログ	The Tabelog Award	Bronze		2020	全国	なる屋		https://award.tabelog.com/2020/restaurants/bronze	46232	店舗照合済	2020年Bronze受賞店（公式全488件名簿と照合済・公式掲載順 336/488）
TBA2020-B-352	FOD-0685	食べログ	The Tabelog Award	Bronze		2020	全国	肉割烹 上		https://award.tabelog.com/2020/restaurants/bronze	46232	店舗照合済	2020年Bronze受賞店（公式全488件名簿と照合済・公式掲載順 337/488）
TBA2020-B-353	FOD-0686	食べログ	The Tabelog Award	Bronze		2020	全国	二条城ふる田		https://award.tabelog.com/2020/restaurants/bronze	46232	店舗照合済	2020年Bronze受賞店（公式全488件名簿と照合済・公式掲載順 338/488）
TBA2020-B-354	FOD-0687	食べログ	The Tabelog Award	Bronze		2020	全国	日本橋 蕎ノ字		https://award.tabelog.com/2020/restaurants/bronze	46232	店舗照合済	2020年Bronze受賞店（公式全488件名簿と照合済・公式掲載順 339/488）
TBA2020-B-355	FOD-0688	食べログ	The Tabelog Award	Bronze		2020	全国	日本料理 幸庵		https://award.tabelog.com/2020/restaurants/bronze	46232	店舗照合済	2020年Bronze受賞店（公式全488件名簿と照合済・公式掲載順 340/488）
TBA2020-B-356	FOD-0689	食べログ	The Tabelog Award	Bronze		2020	全国	日本料理 とくを		https://award.tabelog.com/2020/restaurants/bronze	46232	店舗照合済	2020年Bronze受賞店（公式全488件名簿と照合済・公式掲載順 342/488）
TBA2020-B-357	FOD-0690	食べログ	The Tabelog Award	Bronze		2020	全国	日本料理 TOBIUME		https://award.tabelog.com/2020/restaurants/bronze	46232	店舗照合済	2020年Bronze受賞店（公式全488件名簿と照合済・公式掲載順 343/488）
TBA2020-B-358	FOD-0691	食べログ	The Tabelog Award	Bronze		2020	全国	はっこく		https://award.tabelog.com/2020/restaurants/bronze	46232	店舗照合済	2020年Bronze受賞店（公式全488件名簿と照合済・公式掲載順 344/488）
TBA2020-B-359	FOD-0692	食べログ	The Tabelog Award	Bronze		2020	全国	パティスリー リョーコ		https://award.tabelog.com/2020/restaurants/bronze	46232	店舗照合済	2020年Bronze受賞店（公式全488件名簿と照合済・公式掲載順 345/488）
TBA2020-B-360	FOD-0693	食べログ	The Tabelog Award	Bronze		2020	全国	花いち		https://award.tabelog.com/2020/restaurants/bronze	46232	店舗照合済	2020年Bronze受賞店（公式全488件名簿と照合済・公式掲載順 346/488）
TBA2020-B-361	FOD-0694	食べログ	The Tabelog Award	Bronze		2020	全国	はらまさ		https://award.tabelog.com/2020/restaurants/bronze	46232	店舗照合済	2020年Bronze受賞店（公式全488件名簿と照合済・公式掲載順 347/488）
TBA2020-B-362	FOD-0695	食べログ	The Tabelog Award	Bronze		2020	全国	青空		https://award.tabelog.com/2020/restaurants/bronze	46232	店舗照合済	2020年Bronze受賞店（公式全488件名簿と照合済・公式掲載順 348/488）
TBA2020-B-363	FOD-0696	食べログ	The Tabelog Award	Bronze		2020	全国	B		https://award.tabelog.com/2020/restaurants/bronze	46232	店舗照合済	2020年Bronze受賞店（公式全488件名簿と照合済・公式掲載順 349/488）
TBA2020-B-364	FOD-0697	食べログ	The Tabelog Award	Bronze		2020	全国	東山 吉寿		https://award.tabelog.com/2020/restaurants/bronze	46232	店舗照合済	2020年Bronze受賞店（公式全488件名簿と照合済・公式掲載順 350/488）
TBA2020-B-365	FOD-0698	食べログ	The Tabelog Award	Bronze		2020	全国	樋口		https://award.tabelog.com/2020/restaurants/bronze	46232	店舗照合済	2020年Bronze受賞店（公式全488件名簿と照合済・公式掲載順 351/488）
TBA2020-B-366	FOD-0699	食べログ	The Tabelog Award	Bronze		2020	全国	京趣味 菱岩		https://award.tabelog.com/2020/restaurants/bronze	46232	店舗照合済	2020年Bronze受賞店（公式全488件名簿と照合済・公式掲載順 352/488）
TBA2020-B-367	FOD-0700	食べログ	The Tabelog Award	Bronze		2020	全国	ビストロ ダイア		https://award.tabelog.com/2020/restaurants/bronze	46232	店舗照合済	2020年Bronze受賞店（公式全488件名簿と照合済・公式掲載順 353/488）
TBA2020-B-368	FOD-0701	食べログ	The Tabelog Award	Bronze		2020	全国	羊SUNRISE		https://award.tabelog.com/2020/restaurants/bronze	46232	店舗照合済	2020年Bronze受賞店（公式全488件名簿と照合済・公式掲載順 354/488）
TBA2020-B-369	FOD-0702	食べログ	The Tabelog Award	Bronze		2020	全国	瓢亭 本店		https://award.tabelog.com/2020/restaurants/bronze	46232	店舗照合済	2020年Bronze受賞店（公式全488件名簿と照合済・公式掲載順 355/488）
TBA2020-B-370	FOD-0703	食べログ	The Tabelog Award	Bronze		2020	全国	ひろ作		https://award.tabelog.com/2020/restaurants/bronze	46232	店舗照合済	2020年Bronze受賞店（公式全488件名簿と照合済・公式掲載順 356/488）
TBA2020-B-371	FOD-0704	食べログ	The Tabelog Award	Bronze		2020	全国	ブーケ・ド・フランス		https://award.tabelog.com/2020/restaurants/bronze	46232	店舗照合済	2020年Bronze受賞店（公式全488件名簿と照合済・公式掲載順 358/488）
TBA2020-B-372	FOD-0705	食べログ	The Tabelog Award	Bronze		2020	全国	フィオッキ		https://award.tabelog.com/2020/restaurants/bronze	46232	店舗照合済	2020年Bronze受賞店（公式全488件名簿と照合済・公式掲載順 359/488）
TBA2020-B-373	FOD-0706	食べログ	The Tabelog Award	Bronze		2020	全国	ふぐ 福治		https://award.tabelog.com/2020/restaurants/bronze	46232	店舗照合済	2020年Bronze受賞店（公式全488件名簿と照合済・公式掲載順 360/488）
TBA2020-B-374	FOD-0707	食べログ	The Tabelog Award	Bronze		2020	全国	不動前 すし 岩澤		https://award.tabelog.com/2020/restaurants/bronze	46232	店舗照合済	2020年Bronze受賞店（公式全488件名簿と照合済・公式掲載順 362/488）
TBA2020-B-375	FOD-0708	食べログ	The Tabelog Award	Bronze		2020	全国	フランス料理 壺中天		https://award.tabelog.com/2020/restaurants/bronze	46232	店舗照合済	2020年Bronze受賞店（公式全488件名簿と照合済・公式掲載順 363/488）
TBA2020-B-376	FOD-0709	食べログ	The Tabelog Award	Bronze		2020	全国	佛蘭西料理 名古屋		https://award.tabelog.com/2020/restaurants/bronze	46232	店舗照合済	2020年Bronze受賞店（公式全488件名簿と照合済・公式掲載順 364/488）
TBA2020-B-377	FOD-0710	食べログ	The Tabelog Award	Bronze		2020	全国	プリズマ		https://award.tabelog.com/2020/restaurants/bronze	46232	店舗照合済	2020年Bronze受賞店（公式全488件名簿と照合済・公式掲載順 365/488）
TBA2020-B-378	FOD-0711	食べログ	The Tabelog Award	Bronze		2020	全国	プリンチピオ		https://award.tabelog.com/2020/restaurants/bronze	46232	店舗照合済	2020年Bronze受賞店（公式全488件名簿と照合済・公式掲載順 366/488）
TBA2020-B-379	FOD-0712	食べログ	The Tabelog Award	Bronze		2020	全国	FURUYA augastronome		https://award.tabelog.com/2020/restaurants/bronze	46232	店舗照合済	2020年Bronze受賞店（公式全488件名簿と照合済・公式掲載順 367/488）
TBA2020-B-380	FOD-0713	食べログ	The Tabelog Award	Bronze		2020	全国	プレヴナンス		https://award.tabelog.com/2020/restaurants/bronze	46232	店舗照合済	2020年Bronze受賞店（公式全488件名簿と照合済・公式掲載順 368/488）
TBA2020-B-381	FOD-0714	食べログ	The Tabelog Award	Bronze		2020	全国	ブレストンコート ユカワタン		https://award.tabelog.com/2020/restaurants/bronze	46232	店舗照合済	2020年Bronze受賞店（公式全488件名簿と照合済・公式掲載順 369/488）
TBA2020-B-382	FOD-0715	食べログ	The Tabelog Award	Bronze		2020	全国	フロリレージュ		https://award.tabelog.com/2020/restaurants/bronze	46232	店舗照合済	2020年Bronze受賞店（公式全488件名簿と照合済・公式掲載順 370/488）
TBA2020-B-383	FOD-0716	食べログ	The Tabelog Award	Bronze		2020	全国	ベック		https://award.tabelog.com/2020/restaurants/bronze	46232	店舗照合済	2020年Bronze受賞店（公式全488件名簿と照合済・公式掲載順 371/488）
TBA2020-B-384	FOD-0717	食べログ	The Tabelog Award	Bronze		2020	全国	Homemade Ramen 麦苗		https://award.tabelog.com/2020/restaurants/bronze	46232	店舗照合済	2020年Bronze受賞店（公式全488件名簿と照合済・公式掲載順 372/488）
TBA2020-B-385	FOD-0718	食べログ	The Tabelog Award	Bronze		2020	全国	ほかけ		https://award.tabelog.com/2020/restaurants/bronze	46232	店舗照合済	2020年Bronze受賞店（公式全488件名簿と照合済・公式掲載順 373/488）
TBA2020-B-386	FOD-0719	食べログ	The Tabelog Award	Bronze		2020	全国	ボタニカリー		https://award.tabelog.com/2020/restaurants/bronze	46232	店舗照合済	2020年Bronze受賞店（公式全488件名簿と照合済・公式掲載順 374/488）
TBA2020-B-387	FOD-0720	食べログ	The Tabelog Award	Bronze		2020	全国	ボッテガ		https://award.tabelog.com/2020/restaurants/bronze	46232	店舗照合済	2020年Bronze受賞店（公式全488件名簿と照合済・公式掲載順 375/488）
TBA2020-B-388	FOD-0721	食べログ	The Tabelog Award	Bronze		2020	全国	ボナ・フェスタ		https://award.tabelog.com/2020/restaurants/bronze	46232	店舗照合済	2020年Bronze受賞店（公式全488件名簿と照合済・公式掲載順 376/488）
TBA2020-B-389	FOD-0722	食べログ	The Tabelog Award	Bronze		2020	全国	ポンテ デル ピアット		https://award.tabelog.com/2020/restaurants/bronze	46232	店舗照合済	2020年Bronze受賞店（公式全488件名簿と照合済・公式掲載順 377/488）
TBA2020-B-390	FOD-0723	食べログ	The Tabelog Award	Bronze		2020	全国	MAVO		https://award.tabelog.com/2020/restaurants/bronze	46232	店舗照合済	2020年Bronze受賞店（公式全488件名簿と照合済・公式掲載順 378/488）
TBA2020-B-391	FOD-0724	食べログ	The Tabelog Award	Bronze		2020	全国	まさる		https://award.tabelog.com/2020/restaurants/bronze	46232	店舗照合済	2020年Bronze受賞店（公式全488件名簿と照合済・公式掲載順 379/488）
TBA2020-B-392	FOD-0725	食べログ	The Tabelog Award	Bronze		2020	全国	マスドラヴァンド		https://award.tabelog.com/2020/restaurants/bronze	46232	店舗照合済	2020年Bronze受賞店（公式全488件名簿と照合済・公式掲載順 380/488）
TBA2020-B-393	FOD-0726	食べログ	The Tabelog Award	Bronze		2020	全国	マダム・トキ		https://award.tabelog.com/2020/restaurants/bronze	46232	店舗照合済	2020年Bronze受賞店（公式全488件名簿と照合済・公式掲載順 381/488）
TBA2020-B-394	FOD-0727	食べログ	The Tabelog Award	Bronze		2020	全国	松弥		https://award.tabelog.com/2020/restaurants/bronze	46232	店舗照合済	2020年Bronze受賞店（公式全488件名簿と照合済・公式掲載順 382/488）
TBA2020-B-395	FOD-0728	食べログ	The Tabelog Award	Bronze		2020	全国	マノワール・ディノ		https://award.tabelog.com/2020/restaurants/bronze	46232	店舗照合済	2020年Bronze受賞店（公式全488件名簿と照合済・公式掲載順 383/488）
TBA2020-B-396	FOD-0729	食べログ	The Tabelog Award	Bronze		2020	全国	まる富		https://award.tabelog.com/2020/restaurants/bronze	46232	店舗照合済	2020年Bronze受賞店（公式全488件名簿と照合済・公式掲載順 384/488）
TBA2020-B-397	FOD-0730	食べログ	The Tabelog Award	Bronze		2020	全国	美かさ		https://award.tabelog.com/2020/restaurants/bronze	46232	店舗照合済	2020年Bronze受賞店（公式全488件名簿と照合済・公式掲載順 385/488）
TBA2020-B-398	FOD-0731	食べログ	The Tabelog Award	Bronze		2020	全国	ミモザ		https://award.tabelog.com/2020/restaurants/bronze	46232	店舗照合済	2020年Bronze受賞店（公式全488件名簿と照合済・公式掲載順 389/488）
TBA2020-B-399	FOD-0732	食べログ	The Tabelog Award	Bronze		2020	全国	美山荘		https://award.tabelog.com/2020/restaurants/bronze	46232	店舗照合済	2020年Bronze受賞店（公式全488件名簿と照合済・公式掲載順 390/488）
TBA2020-B-400	FOD-0733	食べログ	The Tabelog Award	Bronze		2020	全国	みょうが屋		https://award.tabelog.com/2020/restaurants/bronze	46232	店舗照合済	2020年Bronze受賞店（公式全488件名簿と照合済・公式掲載順 391/488）
TBA2020-B-401	FOD-0734	食べログ	The Tabelog Award	Bronze		2020	全国	妙見石原荘 食菜石蔵		https://award.tabelog.com/2020/restaurants/bronze	46232	店舗照合済	2020年Bronze受賞店（公式全488件名簿と照合済・公式掲載順 392/488）
TBA2020-B-402	FOD-0735	食べログ	The Tabelog Award	Bronze		2020	全国	むろまち 加地		https://award.tabelog.com/2020/restaurants/bronze	46232	店舗照合済	2020年Bronze受賞店（公式全488件名簿と照合済・公式掲載順 394/488）
TBA2020-B-403	FOD-0736	食べログ	The Tabelog Award	Bronze		2020	全国	室町 和久傳		https://award.tabelog.com/2020/restaurants/bronze	46232	店舗照合済	2020年Bronze受賞店（公式全488件名簿と照合済・公式掲載順 395/488）
TBA2020-B-404	FOD-0737	食べログ	The Tabelog Award	Bronze		2020	全国	明道町中国菜 一星		https://award.tabelog.com/2020/restaurants/bronze	46232	店舗照合済	2020年Bronze受賞店（公式全488件名簿と照合済・公式掲載順 396/488）
TBA2020-B-405	FOD-0738	食べログ	The Tabelog Award	Bronze		2020	全国	メゾン ラフィット		https://award.tabelog.com/2020/restaurants/bronze	46232	店舗照合済	2020年Bronze受賞店（公式全488件名簿と照合済・公式掲載順 397/488）
TBA2020-B-406	FOD-0739	食べログ	The Tabelog Award	Bronze		2020	全国	麺尊 RAGE		https://award.tabelog.com/2020/restaurants/bronze	46232	店舗照合済	2020年Bronze受賞店（公式全488件名簿と照合済・公式掲載順 398/488）
TBA2020-B-407	FOD-0740	食べログ	The Tabelog Award	Bronze		2020	全国	麺屋一燈		https://award.tabelog.com/2020/restaurants/bronze	46232	店舗照合済	2020年Bronze受賞店（公式全488件名簿と照合済・公式掲載順 399/488）
TBA2020-B-408	FOD-0741	食べログ	The Tabelog Award	Bronze		2020	全国	モトイ		https://award.tabelog.com/2020/restaurants/bronze	46232	店舗照合済	2020年Bronze受賞店（公式全488件名簿と照合済・公式掲載順 400/488）
TBA2020-B-409	FOD-0742	食べログ	The Tabelog Award	Bronze		2020	全国	もめん		https://award.tabelog.com/2020/restaurants/bronze	46232	店舗照合済	2020年Bronze受賞店（公式全488件名簿と照合済・公式掲載順 401/488）
TBA2020-B-410	FOD-0743	食べログ	The Tabelog Award	Bronze		2020	全国	もりかわ		https://award.tabelog.com/2020/restaurants/bronze	46232	店舗照合済	2020年Bronze受賞店（公式全488件名簿と照合済・公式掲載順 402/488）
TBA2020-B-411	FOD-0744	食べログ	The Tabelog Award	Bronze		2020	全国	もり田		https://award.tabelog.com/2020/restaurants/bronze	46232	店舗照合済	2020年Bronze受賞店（公式全488件名簿と照合済・公式掲載順 403/488）
TBA2020-B-412	FOD-0745	食べログ	The Tabelog Award	Bronze		2020	全国	焼鳥 市松		https://award.tabelog.com/2020/restaurants/bronze	46232	店舗照合済	2020年Bronze受賞店（公式全488件名簿と照合済・公式掲載順 404/488）
TBA2020-B-413	FOD-0746	食べログ	The Tabelog Award	Bronze		2020	全国	焼鳥 おみ乃		https://award.tabelog.com/2020/restaurants/bronze	46232	店舗照合済	2020年Bronze受賞店（公式全488件名簿と照合済・公式掲載順 405/488）
TBA2020-B-414	FOD-0747	食べログ	The Tabelog Award	Bronze		2020	全国	焼鳥 かさ原		https://award.tabelog.com/2020/restaurants/bronze	46232	店舗照合済	2020年Bronze受賞店（公式全488件名簿と照合済・公式掲載順 406/488）
TBA2020-B-415	FOD-0748	食べログ	The Tabelog Award	Bronze		2020	全国	焼肉うしごろ 銀座並木通り店		https://award.tabelog.com/2020/restaurants/bronze	46232	店舗照合済	2020年Bronze受賞店（公式全488件名簿と照合済・公式掲載順 407/488）
TBA2020-B-416	FOD-0749	食べログ	The Tabelog Award	Bronze		2020	全国	焼肉 うしごろ 銀座店		https://award.tabelog.com/2020/restaurants/bronze	46232	店舗照合済	2020年Bronze受賞店（公式全488件名簿と照合済・公式掲載順 408/488）
TBA2020-B-417	FOD-0750	食べログ	The Tabelog Award	Bronze		2020	全国	焼肉 銀座コバウ		https://award.tabelog.com/2020/restaurants/bronze	46232	店舗照合済	2020年Bronze受賞店（公式全488件名簿と照合済・公式掲載順 409/488）
TBA2020-B-418	FOD-0751	食べログ	The Tabelog Award	Bronze		2020	全国	焼肉 ジャンボ 篠崎本店		https://award.tabelog.com/2020/restaurants/bronze	46232	店舗照合済	2020年Bronze受賞店（公式全488件名簿と照合済・公式掲載順 410/488）
TBA2020-B-419	FOD-0752	食べログ	The Tabelog Award	Bronze		2020	全国	焼肉 ジャンボ 本郷店		https://award.tabelog.com/2020/restaurants/bronze	46232	店舗照合済	2020年Bronze受賞店（公式全488件名簿と照合済・公式掲載順 411/488）
TBA2020-B-420	FOD-0753	食べログ	The Tabelog Award	Bronze		2020	全国	弥助		https://award.tabelog.com/2020/restaurants/bronze	46232	店舗照合済	2020年Bronze受賞店（公式全488件名簿と照合済・公式掲載順 412/488）
TBA2020-B-421	FOD-0754	食べログ	The Tabelog Award	Bronze		2020	全国	薮蕎麦 宮本		https://award.tabelog.com/2020/restaurants/bronze	46232	店舗照合済	2020年Bronze受賞店（公式全488件名簿と照合済・公式掲載順 413/488）
TBA2020-B-422	FOD-0755	食べログ	The Tabelog Award	Bronze		2020	全国	山地陽介		https://award.tabelog.com/2020/restaurants/bronze	46232	店舗照合済	2020年Bronze受賞店（公式全488件名簿と照合済・公式掲載順 414/488）
TBA2020-B-423	FOD-0756	食べログ	The Tabelog Award	Bronze		2020	全国	山田屋		https://award.tabelog.com/2020/restaurants/bronze	46232	店舗照合済	2020年Bronze受賞店（公式全488件名簿と照合済・公式掲載順 415/488）
TBA2020-B-424	FOD-0757	食べログ	The Tabelog Award	Bronze		2020	全国	山猫軒		https://award.tabelog.com/2020/restaurants/bronze	46232	店舗照合済	2020年Bronze受賞店（公式全488件名簿と照合済・公式掲載順 416/488）
TBA2020-B-425	FOD-0758	食べログ	The Tabelog Award	Bronze		2020	全国	山の茶屋		https://award.tabelog.com/2020/restaurants/bronze	46232	店舗照合済	2020年Bronze受賞店（公式全488件名簿と照合済・公式掲載順 417/488）
TBA2020-B-426	FOD-0759	食べログ	The Tabelog Award	Bronze		2020	全国	横浜うかい亭		https://award.tabelog.com/2020/restaurants/bronze	46232	店舗照合済	2020年Bronze受賞店（公式全488件名簿と照合済・公式掲載順 418/488）
TBA2020-B-427	FOD-0760	食べログ	The Tabelog Award	Bronze		2020	全国	吉い		https://award.tabelog.com/2020/restaurants/bronze	46232	店舗照合済	2020年Bronze受賞店（公式全488件名簿と照合済・公式掲載順 419/488）
TBA2020-B-428	FOD-0761	食べログ	The Tabelog Award	Bronze		2020	全国	4000 Chinese Restaurant		https://award.tabelog.com/2020/restaurants/bronze	46232	店舗照合済	2020年Bronze受賞店（公式全488件名簿と照合済・公式掲載順 420/488）
TBA2020-B-429	FOD-0762	食べログ	The Tabelog Award	Bronze		2020	全国	ラ・ヴァガボンド		https://award.tabelog.com/2020/restaurants/bronze	46232	店舗照合済	2020年Bronze受賞店（公式全488件名簿と照合済・公式掲載順 421/488）
TBA2020-B-430	FOD-0763	食べログ	The Tabelog Award	Bronze		2020	全国	ラ・トゥーエル		https://award.tabelog.com/2020/restaurants/bronze	46232	店舗照合済	2020年Bronze受賞店（公式全488件名簿と照合済・公式掲載順 422/488）
TBA2020-B-431	FOD-0764	食べログ	The Tabelog Award	Bronze		2020	全国	ラ・ビオグラフィ		https://award.tabelog.com/2020/restaurants/bronze	46232	店舗照合済	2020年Bronze受賞店（公式全488件名簿と照合済・公式掲載順 423/488）
TBA2020-B-432	FOD-0765	食べログ	The Tabelog Award	Bronze		2020	全国	ラ・ファソン 古賀		https://award.tabelog.com/2020/restaurants/bronze	46232	店舗照合済	2020年Bronze受賞店（公式全488件名簿と照合済・公式掲載順 424/488）
TBA2020-B-433	FOD-0766	食べログ	The Tabelog Award	Bronze		2020	全国	ラ・ベ		https://award.tabelog.com/2020/restaurants/bronze	46232	店舗照合済	2020年Bronze受賞店（公式全488件名簿と照合済・公式掲載順 426/488）
TBA2020-B-434	FOD-0767	食べログ	The Tabelog Award	Bronze		2020	全国	ラ・メール ザ クラシック		https://award.tabelog.com/2020/restaurants/bronze	46232	店舗照合済	2020年Bronze受賞店（公式全488件名簿と照合済・公式掲載順 428/488）
TBA2020-B-435	FOD-0768	食べログ	The Tabelog Award	Bronze		2020	全国	らーめん専門 和海		https://award.tabelog.com/2020/restaurants/bronze	46232	店舗照合済	2020年Bronze受賞店（公式全488件名簿と照合済・公式掲載順 429/488）
TBA2020-B-436	FOD-0769	食べログ	The Tabelog Award	Bronze		2020	全国	ラール・エ・ラ・マニエール		https://award.tabelog.com/2020/restaurants/bronze	46232	店舗照合済	2020年Bronze受賞店（公式全488件名簿と照合済・公式掲載順 430/488）
TBA2020-B-437	FOD-0770	食べログ	The Tabelog Award	Bronze		2020	全国	らぁ麺 飯田商店		https://award.tabelog.com/2020/restaurants/bronze	46232	店舗照合済	2020年Bronze受賞店（公式全488件名簿と照合済・公式掲載順 431/488）
TBA2020-B-438	FOD-0771	食べログ	The Tabelog Award	Bronze		2020	全国	ライラ		https://award.tabelog.com/2020/restaurants/bronze	46232	店舗照合済	2020年Bronze受賞店（公式全488件名簿と照合済・公式掲載順 432/488）
TBA2020-B-439	FOD-0772	食べログ	The Tabelog Award	Bronze		2020	全国	ラ クレリエール		https://award.tabelog.com/2020/restaurants/bronze	46232	店舗照合済	2020年Bronze受賞店（公式全488件名簿と照合済・公式掲載順 433/488）
TBA2020-B-440	FOD-0773	食べログ	The Tabelog Award	Bronze		2020	全国	ラシェット・ブランシュ		https://award.tabelog.com/2020/restaurants/bronze	46232	店舗照合済	2020年Bronze受賞店（公式全488件名簿と照合済・公式掲載順 434/488）
TBA2020-B-441	FOD-0774	食べログ	The Tabelog Award	Bronze		2020	全国	ら すとらあだ		https://award.tabelog.com/2020/restaurants/bronze	46232	店舗照合済	2020年Bronze受賞店（公式全488件名簿と照合済・公式掲載順 435/488）
TBA2020-B-442	FOD-0775	食べログ	The Tabelog Award	Bronze		2020	全国	ラトリエ ドゥ プレジール		https://award.tabelog.com/2020/restaurants/bronze	46232	店舗照合済	2020年Bronze受賞店（公式全488件名簿と照合済・公式掲載順 436/488）
TBA2020-B-443	FOD-0776	食べログ	The Tabelog Award	Bronze		2020	全国	ラパルタメント ディ ナオキ		https://award.tabelog.com/2020/restaurants/bronze	46232	店舗照合済	2020年Bronze受賞店（公式全488件名簿と照合済・公式掲載順 437/488）
TBA2020-B-444	FOD-0777	食べログ	The Tabelog Award	Bronze		2020	全国	ラ ペ		https://award.tabelog.com/2020/restaurants/bronze	46232	店舗照合済	2020年Bronze受賞店（公式全488件名簿と照合済・公式掲載順 439/488）
TBA2020-B-445	FOD-0778	食べログ	The Tabelog Award	Bronze		2020	全国	らんまる		https://award.tabelog.com/2020/restaurants/bronze	46232	店舗照合済	2020年Bronze受賞店（公式全488件名簿と照合済・公式掲載順 441/488）
TBA2020-B-446	FOD-0779	食べログ	The Tabelog Award	Bronze		2020	全国	Libre		https://award.tabelog.com/2020/restaurants/bronze	46232	店舗照合済	2020年Bronze受賞店（公式全488件名簿と照合済・公式掲載順 442/488）
TBA2020-B-447	FOD-0780	食べログ	The Tabelog Award	Bronze		2020	全国	Lien		https://award.tabelog.com/2020/restaurants/bronze	46232	店舗照合済	2020年Bronze受賞店（公式全488件名簿と照合済・公式掲載順 443/488）
TBA2020-B-448	FOD-0781	食べログ	The Tabelog Award	Bronze		2020	全国	リストランテ ペガソ		https://award.tabelog.com/2020/restaurants/bronze	46232	店舗照合済	2020年Bronze受賞店（公式全488件名簿と照合済・公式掲載順 444/488）
TBA2020-B-449	FOD-0782	食べログ	The Tabelog Award	Bronze		2020	全国	リストランテ ASO		https://award.tabelog.com/2020/restaurants/bronze	46232	店舗照合済	2020年Bronze受賞店（公式全488件名簿と照合済・公式掲載順 445/488）
TBA2020-B-450	FOD-0783	食べログ	The Tabelog Award	Bronze		2020	全国	リストランテ･ヒロ  青山		https://award.tabelog.com/2020/restaurants/bronze	46232	店舗照合済	2020年Bronze受賞店（公式全488件名簿と照合済・公式掲載順 446/488）
TBA2020-B-451	FOD-0784	食べログ	The Tabelog Award	Bronze		2020	全国	リストランテ センソ		https://award.tabelog.com/2020/restaurants/bronze	46232	店舗照合済	2020年Bronze受賞店（公式全488件名簿と照合済・公式掲載順 447/488）
TBA2020-B-452	FOD-0785	食べログ	The Tabelog Award	Bronze		2020	全国	リストランテ 濱崎		https://award.tabelog.com/2020/restaurants/bronze	46232	店舗照合済	2020年Bronze受賞店（公式全488件名簿と照合済・公式掲載順 448/488）
TBA2020-B-453	FOD-0786	食べログ	The Tabelog Award	Bronze		2020	全国	リストランテ ラ・バリック トウキョウ		https://award.tabelog.com/2020/restaurants/bronze	46232	店舗照合済	2020年Bronze受賞店（公式全488件名簿と照合済・公式掲載順 449/488）
TBA2020-B-454	FOD-0787	食べログ	The Tabelog Award	Bronze		2020	全国	里葉亭		https://award.tabelog.com/2020/restaurants/bronze	46232	店舗照合済	2020年Bronze受賞店（公式全488件名簿と照合済・公式掲載順 450/488）
TBA2020-B-455	FOD-0788	食べログ	The Tabelog Award	Bronze		2020	全国	料亭 やまさ旅館		https://award.tabelog.com/2020/restaurants/bronze	46232	店舗照合済	2020年Bronze受賞店（公式全488件名簿と照合済・公式掲載順 451/488）
TBA2020-B-456	FOD-0789	食べログ	The Tabelog Award	Bronze		2020	全国	料理 川口		https://award.tabelog.com/2020/restaurants/bronze	46232	店舗照合済	2020年Bronze受賞店（公式全488件名簿と照合済・公式掲載順 452/488）
TBA2020-B-457	FOD-0790	食べログ	The Tabelog Award	Bronze		2020	全国	料理屋 植むら		https://award.tabelog.com/2020/restaurants/bronze	46232	店舗照合済	2020年Bronze受賞店（公式全488件名簿と照合済・公式掲載順 453/488）
TBA2020-B-458	FOD-0791	食べログ	The Tabelog Award	Bronze		2020	全国	ル・ジャルダン・デ・サヴール		https://award.tabelog.com/2020/restaurants/bronze	46232	店舗照合済	2020年Bronze受賞店（公式全488件名簿と照合済・公式掲載順 454/488）
TBA2020-B-459	FOD-0792	食べログ	The Tabelog Award	Bronze		2020	全国	ル・ブルギニオン		https://award.tabelog.com/2020/restaurants/bronze	46232	店舗照合済	2020年Bronze受賞店（公式全488件名簿と照合済・公式掲載順 455/488）
TBA2020-B-460	FOD-0793	食べログ	The Tabelog Award	Bronze		2020	全国	ル・マノアール・ダスティン		https://award.tabelog.com/2020/restaurants/bronze	46232	店舗照合済	2020年Bronze受賞店（公式全488件名簿と照合済・公式掲載順 456/488）
TBA2020-B-461	FOD-0794	食べログ	The Tabelog Award	Bronze		2020	全国	ル・マンジュ・トゥー		https://award.tabelog.com/2020/restaurants/bronze	46232	店舗照合済	2020年Bronze受賞店（公式全488件名簿と照合済・公式掲載順 457/488）
TBA2020-B-462	FOD-0795	食べログ	The Tabelog Award	Bronze		2020	全国	Le Ciel		https://award.tabelog.com/2020/restaurants/bronze	46232	店舗照合済	2020年Bronze受賞店（公式全488件名簿と照合済・公式掲載順 458/488）
TBA2020-B-463	FOD-0796	食べログ	The Tabelog Award	Bronze		2020	全国	ル スプートニク		https://award.tabelog.com/2020/restaurants/bronze	46232	店舗照合済	2020年Bronze受賞店（公式全488件名簿と照合済・公式掲載順 459/488）
TBA2020-B-464	FOD-0797	食べログ	The Tabelog Award	Bronze		2020	全国	ルメルシマン オカモト		https://award.tabelog.com/2020/restaurants/bronze	46232	店舗照合済	2020年Bronze受賞店（公式全488件名簿と照合済・公式掲載順 460/488）
TBA2020-B-465	FOD-0798	食べログ	The Tabelog Award	Bronze		2020	全国	レヴォル		https://award.tabelog.com/2020/restaurants/bronze	46232	店舗照合済	2020年Bronze受賞店（公式全488件名簿と照合済・公式掲載順 461/488）
TBA2020-B-466	FOD-0799	食べログ	The Tabelog Award	Bronze		2020	全国	レクテ		https://award.tabelog.com/2020/restaurants/bronze	46232	店舗照合済	2020年Bronze受賞店（公式全488件名簿と照合済・公式掲載順 462/488）
TBA2020-B-467	FOD-0800	食べログ	The Tabelog Award	Bronze		2020	全国	レスト ケイ ヤマウチ		https://award.tabelog.com/2020/restaurants/bronze	46232	店舗照合済	2020年Bronze受賞店（公式全488件名簿と照合済・公式掲載順 463/488）
TBA2020-B-468	FOD-0801	食べログ	The Tabelog Award	Bronze		2020	全国	レストラン ウオゼン		https://award.tabelog.com/2020/restaurants/bronze	46232	店舗照合済	2020年Bronze受賞店（公式全488件名簿と照合済・公式掲載順 464/488）
TBA2020-B-469	FOD-0802	食べログ	The Tabelog Award	Bronze		2020	全国	レストラン アラジン		https://award.tabelog.com/2020/restaurants/bronze	46232	店舗照合済	2020年Bronze受賞店（公式全488件名簿と照合済・公式掲載順 467/488）
TBA2020-B-470	FOD-0803	食べログ	The Tabelog Award	Bronze		2020	全国	アルシミスト		https://award.tabelog.com/2020/restaurants/bronze	46232	店舗照合済	2020年Bronze受賞店（公式全488件名簿と照合済・公式掲載順 468/488）
TBA2020-B-471	FOD-0804	食べログ	The Tabelog Award	Bronze		2020	全国	エール		https://award.tabelog.com/2020/restaurants/bronze	46232	店舗照合済	2020年Bronze受賞店（公式全488件名簿と照合済・公式掲載順 469/488）
TBA2020-B-472	FOD-0805	食べログ	The Tabelog Award	Bronze		2020	全国	レストラン クレッセント		https://award.tabelog.com/2020/restaurants/bronze	46232	店舗照合済	2020年Bronze受賞店（公式全488件名簿と照合済・公式掲載順 470/488）
TBA2020-B-473	FOD-0806	食べログ	The Tabelog Award	Bronze		2020	全国	レストラン コバヤシ		https://award.tabelog.com/2020/restaurants/bronze	46232	店舗照合済	2020年Bronze受賞店（公式全488件名簿と照合済・公式掲載順 471/488）
TBA2020-B-474	FOD-0807	食べログ	The Tabelog Award	Bronze		2020	全国	レストラン タテル ヨシノ 銀座		https://award.tabelog.com/2020/restaurants/bronze	46232	店舗照合済	2020年Bronze受賞店（公式全488件名簿と照合済・公式掲載順 472/488）
TBA2020-B-475	FOD-0808	食べログ	The Tabelog Award	Bronze		2020	全国	レストラン マノワ		https://award.tabelog.com/2020/restaurants/bronze	46232	店舗照合済	2020年Bronze受賞店（公式全488件名簿と照合済・公式掲載順 473/488）
TBA2020-B-476	FOD-0809	食べログ	The Tabelog Award	Bronze		2020	全国	レストラン ラ・フロレゾン・ドゥ・タケウチ		https://award.tabelog.com/2020/restaurants/bronze	46232	店舗照合済	2020年Bronze受賞店（公式全488件名簿と照合済・公式掲載順 474/488）
TBA2020-B-477	FOD-0810	食べログ	The Tabelog Award	Bronze		2020	全国	レストラン ラ フィネス		https://award.tabelog.com/2020/restaurants/bronze	46232	店舗照合済	2020年Bronze受賞店（公式全488件名簿と照合済・公式掲載順 475/488）
TBA2020-B-478	FOD-0811	食べログ	The Tabelog Award	Bronze		2020	全国	レストラン リューズ		https://award.tabelog.com/2020/restaurants/bronze	46232	店舗照合済	2020年Bronze受賞店（公式全488件名簿と照合済・公式掲載順 476/488）
TBA2020-B-479	FOD-0812	食べログ	The Tabelog Award	Bronze		2020	全国	レ セゾン		https://award.tabelog.com/2020/restaurants/bronze	46232	店舗照合済	2020年Bronze受賞店（公式全488件名簿と照合済・公式掲載順 477/488）
TBA2020-B-480	FOD-0813	食べログ	The Tabelog Award	Bronze		2020	全国	レンゲ		https://award.tabelog.com/2020/restaurants/bronze	46232	店舗照合済	2020年Bronze受賞店（公式全488件名簿と照合済・公式掲載順 478/488）
TBA2020-B-481	FOD-0814	食べログ	The Tabelog Award	Bronze		2020	全国	蓮香		https://award.tabelog.com/2020/restaurants/bronze	46232	店舗照合済	2020年Bronze受賞店（公式全488件名簿と照合済・公式掲載順 479/488）
TBA2020-B-482	FOD-0815	食べログ	The Tabelog Award	Bronze		2020	全国	L'Octave Hayato KOBAYASHI		https://award.tabelog.com/2020/restaurants/bronze	46232	店舗照合済	2020年Bronze受賞店（公式全488件名簿と照合済・公式掲載順 481/488）
TBA2020-B-483	FOD-0816	食べログ	The Tabelog Award	Bronze		2020	全国	RODEO		https://award.tabelog.com/2020/restaurants/bronze	46232	店舗照合済	2020年Bronze受賞店（公式全488件名簿と照合済・公式掲載順 482/488）
TBA2020-B-484	FOD-0817	食べログ	The Tabelog Award	Bronze		2020	全国	ロドラント ミノルナキジン		https://award.tabelog.com/2020/restaurants/bronze	46232	店舗照合済	2020年Bronze受賞店（公式全488件名簿と照合済・公式掲載順 483/488）
TBA2020-B-485	FOD-0818	食べログ	The Tabelog Award	Bronze		2020	全国	和ごころ 泉		https://award.tabelog.com/2020/restaurants/bronze	46232	店舗照合済	2020年Bronze受賞店（公式全488件名簿と照合済・公式掲載順 485/488）
TBA2020-B-486	FOD-0819	食べログ	The Tabelog Award	Bronze		2020	全国	和食 こんどう		https://award.tabelog.com/2020/restaurants/bronze	46232	店舗照合済	2020年Bronze受賞店（公式全488件名簿と照合済・公式掲載順 486/488）
TBA2020-B-487	FOD-0820	食べログ	The Tabelog Award	Bronze		2020	全国	和 dining 清乃		https://award.tabelog.com/2020/restaurants/bronze	46232	店舗照合済	2020年Bronze受賞店（公式全488件名簿と照合済・公式掲載順 487/488）
TBA2020-B-488	FOD-0821	食べログ	The Tabelog Award	Bronze		2020	全国	和田金		https://award.tabelog.com/2020/restaurants/bronze	46232	店舗照合済	2020年Bronze受賞店（公式全488件名簿と照合済・公式掲載順 488/488）
