FOD-0481	Variante			飲食店	イタリアン	The Tabelog Award 2020 Bronze	神奈川県								https://tabelog.com/tokyo/A1303/A130302/14057973/		未確認				46232	店舗照合済	The Tabelog Award 2020 Bronze / 公式受賞一覧全488件照合 / 公式掲載順 49/488 / https://award.tabelog.com/2020/restaurants/bronze
FOD-0482	ヴィチーノ			飲食店	イタリアン	The Tabelog Award 2020 Bronze	愛知県								https://tabelog.com/tokyo/A1303/A130302/23039432/		未確認				46232	店舗照合済	The Tabelog Award 2020 Bronze / 公式受賞一覧全488件照合 / 公式掲載順 50/488 / https://award.tabelog.com/2020/restaurants/bronze
FOD-0483	ヴィンチェロ			飲食店	イタリアン	The Tabelog Award 2020 Bronze	東京都								https://tabelog.com/tokyo/A1303/A130302/13004299/		未確認				46232	店舗照合済	The Tabelog Award 2020 Bronze / 公式受賞一覧全488件照合 / 公式掲載順 52/488 / https://award.tabelog.com/2020/restaurants/bronze
FOD-0484	カーザ ヴィニタリア			飲食店	イタリアン	The Tabelog Award 2020 Bronze	東京都								https://tabelog.com/tokyo/A1303/A130302/13010456/		未確認				46232	店舗照合済	The Tabelog Award 2020 Bronze / 公式受賞一覧全488件照合 / 公式掲載順 93/488 / https://award.tabelog.com/2020/restaurants/bronze
FOD-0485	潟潟ヤ			飲食店	創作料理	The Tabelog Award 2020 Bronze	神奈川県								https://tabelog.com/tokyo/A1303/A130302/14012400/		未確認				46232	店舗照合済	The Tabelog Award 2020 Bronze / 公式受賞一覧全488件照合 / 公式掲載順 102/488 / https://award.tabelog.com/2020/restaurants/bronze
FOD-0486	釜あげうどん 長田 in 香の香			飲食店	うどん	The Tabelog Award 2020 Bronze	香川県								https://tabelog.com/tokyo/A1303/A130302/37000015/		未確認				46232	店舗照合済	The Tabelog Award 2020 Bronze / 公式受賞一覧全488件照合 / 公式掲載順 107/488 / https://award.tabelog.com/2020/restaurants/bronze
FOD-0487	かみその			飲食店	日本料理	The Tabelog Award 2020 Bronze	愛知県								https://tabelog.com/tokyo/A1303/A130302/23000092/		未確認				46232	店舗照合済	The Tabelog Award 2020 Bronze / 公式受賞一覧全488件照合 / 公式掲載順 108/488 / https://award.tabelog.com/2020/restaurants/bronze
FOD-0488	カモシヤ クスモト			飲食店	創作料理	The Tabelog Award 2020 Bronze	大阪府								https://tabelog.com/tokyo/A1303/A130302/27010572/		未確認				46232	店舗照合済	The Tabelog Award 2020 Bronze / 公式受賞一覧全488件照合 / 公式掲載順 109/488 / https://award.tabelog.com/2020/restaurants/bronze
FOD-0489	カレーライス ディラン			飲食店	アジア・エスニック	The Tabelog Award 2020 Bronze	東京都								https://tabelog.com/tokyo/A1303/A130302/13158580/		未確認				46232	店舗照合済	The Tabelog Award 2020 Bronze / 公式受賞一覧全488件照合 / 公式掲載順 110/488 / https://award.tabelog.com/2020/restaurants/bronze
FOD-0490	川喜			飲食店	魚介料理・海鮮料理	The Tabelog Award 2020 Bronze	福井県								https://tabelog.com/tokyo/A1303/A130302/18000003/		未確認				46232	店舗照合済	The Tabelog Award 2020 Bronze / 公式受賞一覧全488件照合 / 公式掲載順 111/488 / https://award.tabelog.com/2020/restaurants/bronze
FOD-0491	かわむら			飲食店	ステーキ・鉄板焼き	The Tabelog Award 2020 Bronze	東京都								https://tabelog.com/tokyo/A1303/A130302/13016506/		未確認				46232	店舗照合済	The Tabelog Award 2020 Bronze / 公式受賞一覧全488件照合 / 公式掲載順 113/488 / https://award.tabelog.com/2020/restaurants/bronze
FOD-0492	カントニーズ 燕 ケン タカセ			飲食店	中華料理	The Tabelog Award 2020 Bronze	東京都								https://tabelog.com/tokyo/A1303/A130302/13147494/		未確認				46232	店舗照合済	The Tabelog Award 2020 Bronze / 公式受賞一覧全488件照合 / 公式掲載順 114/488 / https://award.tabelog.com/2020/restaurants/bronze
FOD-0493	祇園 呂色			飲食店	フレンチ	The Tabelog Award 2020 Bronze	京都府								https://tabelog.com/tokyo/A1303/A130302/26029969/		未確認				46232	店舗照合済	The Tabelog Award 2020 Bronze / 公式受賞一覧全488件照合 / 公式掲載順 116/488 / https://award.tabelog.com/2020/restaurants/bronze
FOD-0494	ぎおん 阪川			飲食店	日本料理	The Tabelog Award 2020 Bronze	京都府								https://tabelog.com/tokyo/A1303/A130302/26001726/		未確認				46232	店舗照合済	The Tabelog Award 2020 Bronze / 公式受賞一覧全488件照合 / 公式掲載順 117/488 / https://award.tabelog.com/2020/restaurants/bronze
FOD-0495	祇園 さゝ木			飲食店	日本料理	The Tabelog Award 2020 Bronze	京都府								https://tabelog.com/tokyo/A1303/A130302/26001863/		未確認				46232	店舗照合済	The Tabelog Award 2020 Bronze / 公式受賞一覧全488件照合 / 公式掲載順 118/488 / https://award.tabelog.com/2020/restaurants/bronze
FOD-0496	祇園 末友			飲食店	日本料理	The Tabelog Award 2020 Bronze	京都府								https://tabelog.com/tokyo/A1303/A130302/26009394/		未確認				46232	店舗照合済	The Tabelog Award 2020 Bronze / 公式受賞一覧全488件照合 / 公式掲載順 119/488 / https://award.tabelog.com/2020/restaurants/bronze
FOD-0497	祇園 にし			飲食店	日本料理	The Tabelog Award 2020 Bronze	京都府								https://tabelog.com/tokyo/A1303/A130302/26027852/		未確認				46232	店舗照合済	The Tabelog Award 2020 Bronze / 公式受賞一覧全488件照合 / 公式掲載順 120/488 / https://award.tabelog.com/2020/restaurants/bronze
FOD-0498	祇園 にしかわ			飲食店	日本料理	The Tabelog Award 2020 Bronze	京都府								https://tabelog.com/tokyo/A1303/A130302/26007611/		未確認				46232	店舗照合済	The Tabelog Award 2020 Bronze / 公式受賞一覧全488件照合 / 公式掲載順 121/488 / https://award.tabelog.com/2020/restaurants/bronze
FOD-0499	祇園 又吉			飲食店	日本料理	The Tabelog Award 2020 Bronze	京都府								https://tabelog.com/tokyo/A1303/A130302/26006471/		未確認				46232	店舗照合済	The Tabelog Award 2020 Bronze / 公式受賞一覧全488件照合 / 公式掲載順 122/488 / https://award.tabelog.com/2020/restaurants/bronze
FOD-0500	祇園 丸山			飲食店	日本料理	The Tabelog Award 2020 Bronze	京都府								https://tabelog.com/tokyo/A1303/A130302/26001968/		未確認				46232	店舗照合済	The Tabelog Award 2020 Bronze / 公式受賞一覧全488件照合 / 公式掲載順 123/488 / https://award.tabelog.com/2020/restaurants/bronze
FOD-0501	季節料理 なかしま			飲食店	日本料理	The Tabelog Award 2020 Bronze	広島県								https://tabelog.com/tokyo/A1303/A130302/34016189/		未確認				46232	店舗照合済	The Tabelog Award 2020 Bronze / 公式受賞一覧全488件照合 / 公式掲載順 124/488 / https://award.tabelog.com/2020/restaurants/bronze
FOD-0502	北島亭			飲食店	フレンチ	The Tabelog Award 2020 Bronze	東京都								https://tabelog.com/tokyo/A1303/A130302/13000945/		未確認				46232	店舗照合済	The Tabelog Award 2020 Bronze / 公式受賞一覧全488件照合 / 公式掲載順 125/488 / https://award.tabelog.com/2020/restaurants/bronze
FOD-0503	キメラ			飲食店	イタリアン	The Tabelog Award 2020 Bronze	京都府								https://tabelog.com/tokyo/A1303/A130302/26005284/		未確認				46232	店舗照合済	The Tabelog Award 2020 Bronze / 公式受賞一覧全488件照合 / 公式掲載順 126/488 / https://award.tabelog.com/2020/restaurants/bronze
FOD-0504	京懐石 吉泉			飲食店	日本料理	The Tabelog Award 2020 Bronze	京都府								https://tabelog.com/tokyo/A1303/A130302/26001047/		未確認				46232	店舗照合済	The Tabelog Award 2020 Bronze / 公式受賞一覧全488件照合 / 公式掲載順 127/488 / https://award.tabelog.com/2020/restaurants/bronze
FOD-0505	京 上賀茂 御料理秋山			飲食店	日本料理	The Tabelog Award 2020 Bronze	京都府								https://tabelog.com/tokyo/A1303/A130302/26002511/		未確認				46232	店舗照合済	The Tabelog Award 2020 Bronze / 公式受賞一覧全488件照合 / 公式掲載順 128/488 / https://award.tabelog.com/2020/restaurants/bronze
FOD-0506	京都 吉兆 嵐山本店			飲食店	日本料理	The Tabelog Award 2020 Bronze	京都府								https://tabelog.com/tokyo/A1303/A130302/26001312/		未確認				46232	店舗照合済	The Tabelog Award 2020 Bronze / 公式受賞一覧全488件照合 / 公式掲載順 129/488 / https://award.tabelog.com/2020/restaurants/bronze
FOD-0507	魚菜料理 縄屋			飲食店	日本料理	The Tabelog Award 2020 Bronze	京都府								https://tabelog.com/tokyo/A1303/A130302/26015836/		未確認				46232	店舗照合済	The Tabelog Award 2020 Bronze / 公式受賞一覧全488件照合 / 公式掲載順 130/488 / https://award.tabelog.com/2020/restaurants/bronze
FOD-0508	きよ田			飲食店	寿司	The Tabelog Award 2020 Bronze	東京都								https://tabelog.com/tokyo/A1303/A130302/13070238/		未確認				46232	店舗照合済	The Tabelog Award 2020 Bronze / 公式受賞一覧全488件照合 / 公式掲載順 131/488 / https://award.tabelog.com/2020/restaurants/bronze
FOD-0509	器楽亭			飲食店	日本料理	The Tabelog Award 2020 Bronze	東京都								https://tabelog.com/tokyo/A1303/A130302/13050819/		未確認				46232	店舗照合済	The Tabelog Award 2020 Bronze / 公式受賞一覧全488件照合 / 公式掲載順 132/488 / https://award.tabelog.com/2020/restaurants/bronze
FOD-0510	ぎをん 遠藤			飲食店	日本料理	The Tabelog Award 2020 Bronze	京都府								https://tabelog.com/tokyo/A1303/A130302/26019418/		未確認				46232	店舗照合済	The Tabelog Award 2020 Bronze / 公式受賞一覧全488件照合 / 公式掲載順 133/488 / https://award.tabelog.com/2020/restaurants/bronze
FOD-0511	銀座うかい亭			飲食店	ステーキ・鉄板焼き	The Tabelog Award 2020 Bronze	東京都								https://tabelog.com/tokyo/A1303/A130302/13002367/		未確認				46232	店舗照合済	The Tabelog Award 2020 Bronze / 公式受賞一覧全488件照合 / 公式掲載順 134/488 / https://award.tabelog.com/2020/restaurants/bronze
FOD-0512	銀座 きた福			飲食店	日本料理	The Tabelog Award 2020 Bronze	東京都								https://tabelog.com/tokyo/A1303/A130302/13183900/		未確認				46232	店舗照合済	The Tabelog Award 2020 Bronze / 公式受賞一覧全488件照合 / 公式掲載順 135/488 / https://award.tabelog.com/2020/restaurants/bronze
FOD-0513	銀座くどう			飲食店	日本料理	The Tabelog Award 2020 Bronze	東京都								https://tabelog.com/tokyo/A1303/A130302/13212919/		未確認				46232	店舗照合済	The Tabelog Award 2020 Bronze / 公式受賞一覧全488件照合 / 公式掲載順 136/488 / https://award.tabelog.com/2020/restaurants/bronze
FOD-0514	銀座 小十			飲食店	日本料理	The Tabelog Award 2020 Bronze	東京都								https://tabelog.com/tokyo/A1303/A130302/13005683/		未確認				46232	店舗照合済	The Tabelog Award 2020 Bronze / 公式受賞一覧全488件照合 / 公式掲載順 137/488 / https://award.tabelog.com/2020/restaurants/bronze
FOD-0515	GINZA JOTAKI			飲食店	中華料理	The Tabelog Award 2020 Bronze	東京都								https://tabelog.com/tokyo/A1303/A130302/13217960/		未確認				46232	店舗照合済	The Tabelog Award 2020 Bronze / 公式受賞一覧全488件照合 / 公式掲載順 138/488 / https://award.tabelog.com/2020/restaurants/bronze
FOD-0516	銀座 鮨 かねさか 本店			飲食店	寿司	The Tabelog Award 2020 Bronze	東京都								https://tabelog.com/tokyo/A1303/A130302/13005003/		未確認				46232	店舗照合済	The Tabelog Award 2020 Bronze / 公式受賞一覧全488件照合 / 公式掲載順 139/488 / https://award.tabelog.com/2020/restaurants/bronze
FOD-0517	銀座 ハプスブルク・ファイルヒェン			飲食店	その他	The Tabelog Award 2020 Bronze	東京都								https://tabelog.com/tokyo/A1303/A130302/13139747/		未確認				46232	店舗照合済	The Tabelog Award 2020 Bronze / 公式受賞一覧全488件照合 / 公式掲載順 140/488 / https://award.tabelog.com/2020/restaurants/bronze
FOD-0518	銀座 ひらやま			飲食店	ステーキ・鉄板焼き	The Tabelog Award 2020 Bronze	東京都								https://tabelog.com/tokyo/A1303/A130302/13151917/		未確認				46232	店舗照合済	The Tabelog Award 2020 Bronze / 公式受賞一覧全488件照合 / 公式掲載順 141/488 / https://award.tabelog.com/2020/restaurants/bronze
FOD-0519	銀座ふじやま			飲食店	日本料理	The Tabelog Award 2020 Bronze	東京都								https://tabelog.com/tokyo/A1303/A130302/13232735/		未確認				46232	店舗照合済	The Tabelog Award 2020 Bronze / 公式受賞一覧全488件照合 / 公式掲載順 142/488 / https://award.tabelog.com/2020/restaurants/bronze
FOD-0520	銀座 レカン			飲食店	フレンチ	The Tabelog Award 2020 Bronze	東京都								https://tabelog.com/tokyo/A1303/A130302/13002444/		未確認				46232	店舗照合済	The Tabelog Award 2020 Bronze / 公式受賞一覧全488件照合 / 公式掲載順 143/488 / https://award.tabelog.com/2020/restaurants/bronze
FOD-0521	吟八亭 やざ和			飲食店	そば	The Tabelog Award 2020 Bronze	東京都								https://tabelog.com/tokyo/A1303/A130302/13003083/		未確認				46232	店舗照合済	The Tabelog Award 2020 Bronze / 公式受賞一覧全488件照合 / 公式掲載順 144/488 / https://award.tabelog.com/2020/restaurants/bronze
FOD-0522	クイントカント			飲食店	イタリアン	The Tabelog Award 2020 Bronze	大阪府								https://tabelog.com/tokyo/A1303/A130302/27073813/		未確認				46232	店舗照合済	The Tabelog Award 2020 Bronze / 公式受賞一覧全488件照合 / 公式掲載順 145/488 / https://award.tabelog.com/2020/restaurants/bronze
FOD-0523	串揚げはやし			飲食店	とんかつ・揚げ物	The Tabelog Award 2020 Bronze	東京都								https://tabelog.com/tokyo/A1303/A130302/13129802/		未確認				46232	店舗照合済	The Tabelog Award 2020 Bronze / 公式受賞一覧全488件照合 / 公式掲載順 146/488 / https://award.tabelog.com/2020/restaurants/bronze
FOD-0524	クッチーナ イタリアーナ ガッルーラ			飲食店	イタリアン	The Tabelog Award 2020 Bronze	愛知県								https://tabelog.com/tokyo/A1303/A130302/23000441/		未確認				46232	店舗照合済	The Tabelog Award 2020 Bronze / 公式受賞一覧全488件照合 / 公式掲載順 147/488 / https://award.tabelog.com/2020/restaurants/bronze
FOD-0525	クラフタル			飲食店	フレンチ	The Tabelog Award 2020 Bronze	東京都								https://tabelog.com/tokyo/A1303/A130302/13186719/		未確認				46232	店舗照合済	The Tabelog Award 2020 Bronze / 公式受賞一覧全488件照合 / 公式掲載順 148/488 / https://award.tabelog.com/2020/restaurants/bronze
FOD-0526	グラン シャン			飲食店	フレンチ	The Tabelog Award 2020 Bronze	大阪府								https://tabelog.com/tokyo/A1303/A130302/27066177/		未確認				46232	店舗照合済	The Tabelog Award 2020 Bronze / 公式受賞一覧全488件照合 / 公式掲載順 149/488 / https://award.tabelog.com/2020/restaurants/bronze
FOD-0527	グリグリ			飲食店	フレンチ	The Tabelog Award 2020 Bronze	東京都								https://tabelog.com/tokyo/A1303/A130302/13149114/		未確認				46232	店舗照合済	The Tabelog Award 2020 Bronze / 公式受賞一覧全488件照合 / 公式掲載順 150/488 / https://award.tabelog.com/2020/restaurants/bronze
FOD-0528	グリルフレンチ			飲食店	その他	The Tabelog Award 2020 Bronze	京都府								https://tabelog.com/tokyo/A1303/A130302/26000658/		未確認				46232	店舗照合済	The Tabelog Award 2020 Bronze / 公式受賞一覧全488件照合 / 公式掲載順 151/488 / https://award.tabelog.com/2020/restaurants/bronze
FOD-0529	Crony			飲食店	フレンチ	The Tabelog Award 2020 Bronze	東京都								https://tabelog.com/tokyo/A1303/A130302/13202768/		未確認				46232	店舗照合済	The Tabelog Award 2020 Bronze / 公式受賞一覧全488件照合 / 公式掲載順 152/488 / https://award.tabelog.com/2020/restaurants/bronze
FOD-0530	くろぎ			飲食店	日本料理	The Tabelog Award 2020 Bronze	東京都								https://tabelog.com/tokyo/A1303/A130302/13094789/		未確認				46232	店舗照合済	The Tabelog Award 2020 Bronze / 公式受賞一覧全488件照合 / 公式掲載順 153/488 / https://award.tabelog.com/2020/restaurants/bronze
FOD-0531	くろ﨑			飲食店	寿司	The Tabelog Award 2020 Bronze	東京都								https://tabelog.com/tokyo/A1303/A130302/13178821/		未確認				46232	店舗照合済	The Tabelog Award 2020 Bronze / 公式受賞一覧全488件照合 / 公式掲載順 154/488 / https://award.tabelog.com/2020/restaurants/bronze
FOD-0532	久遠の空			飲食店	創作料理	The Tabelog Award 2020 Bronze	東京都								https://tabelog.com/tokyo/A1303/A130302/13048661/		未確認				46232	店舗照合済	The Tabelog Award 2020 Bronze / 公式受賞一覧全488件照合 / 公式掲載順 155/488 / https://award.tabelog.com/2020/restaurants/bronze
FOD-0533	高太郎			飲食店	居酒屋	The Tabelog Award 2020 Bronze	東京都								https://tabelog.com/tokyo/A1303/A130302/13123997/		未確認				46232	店舗照合済	The Tabelog Award 2020 Bronze / 公式受賞一覧全488件照合 / 公式掲載順 156/488 / https://award.tabelog.com/2020/restaurants/bronze
FOD-0534	神戸牛炉釜ステーキ GINZA KOKO炉			飲食店	ステーキ・鉄板焼き	The Tabelog Award 2020 Bronze	東京都								https://tabelog.com/tokyo/A1303/A130302/13224979/		未確認				46232	店舗照合済	The Tabelog Award 2020 Bronze / 公式受賞一覧全488件照合 / 公式掲載順 157/488 / https://award.tabelog.com/2020/restaurants/bronze
FOD-0535	神戸牛炉釜炭焼ステーキ IDEA 銀座			飲食店	ステーキ・鉄板焼き	The Tabelog Award 2020 Bronze	東京都								https://tabelog.com/tokyo/A1303/A130302/13161192/		未確認				46232	店舗照合済	The Tabelog Award 2020 Bronze / 公式受賞一覧全488件照合 / 公式掲載順 158/488 / https://award.tabelog.com/2020/restaurants/bronze
FOD-0536	行楽庵			飲食店	日本料理	The Tabelog Award 2020 Bronze	滋賀県								https://tabelog.com/tokyo/A1303/A130302/25001485/		未確認				46232	店舗照合済	The Tabelog Award 2020 Bronze / 公式受賞一覧全488件照合 / 公式掲載順 159/488 / https://award.tabelog.com/2020/restaurants/bronze
FOD-0537	豪龍久保			飲食店	日本料理	The Tabelog Award 2020 Bronze	東京都								https://tabelog.com/tokyo/A1303/A130302/13156859/		未確認				46232	店舗照合済	The Tabelog Award 2020 Bronze / 公式受賞一覧全488件照合 / 公式掲載順 160/488 / https://award.tabelog.com/2020/restaurants/bronze
FOD-0538	御幸町 田がわ			飲食店	日本料理	The Tabelog Award 2020 Bronze	京都府								https://tabelog.com/tokyo/A1303/A130302/26028604/		未確認				46232	店舗照合済	The Tabelog Award 2020 Bronze / 公式受賞一覧全488件照合 / 公式掲載順 161/488 / https://award.tabelog.com/2020/restaurants/bronze
FOD-0539	こにし家			飲食店	日本料理	The Tabelog Award 2020 Bronze	兵庫県								https://tabelog.com/tokyo/A1303/A130302/28015514/		未確認				46232	店舗照合済	The Tabelog Award 2020 Bronze / 公式受賞一覧全488件照合 / 公式掲載順 162/488 / https://award.tabelog.com/2020/restaurants/bronze
FOD-0540	こま田			飲食店	寿司	The Tabelog Award 2020 Bronze	三重県								https://tabelog.com/tokyo/A1303/A130302/24012212/		未確認				46232	店舗照合済	The Tabelog Award 2020 Bronze / 公式受賞一覧全488件照合 / 公式掲載順 164/488 / https://award.tabelog.com/2020/restaurants/bronze
FOD-0541	哥利歐			飲食店	ステーキ・鉄板焼き	The Tabelog Award 2020 Bronze	東京都								https://tabelog.com/tokyo/A1303/A130302/13002356/		未確認				46232	店舗照合済	The Tabelog Award 2020 Bronze / 公式受賞一覧全488件照合 / 公式掲載順 165/488 / https://award.tabelog.com/2020/restaurants/bronze
FOD-0542	Convivio			飲食店	イタリアン	The Tabelog Award 2020 Bronze	東京都								https://tabelog.com/tokyo/A1303/A130302/13149817/		未確認				46232	店舗照合済	The Tabelog Award 2020 Bronze / 公式受賞一覧全488件照合 / 公式掲載順 166/488 / https://award.tabelog.com/2020/restaurants/bronze
FOD-0543	コントワール ミサゴ			飲食店	フレンチ	The Tabelog Award 2020 Bronze	東京都								https://tabelog.com/tokyo/A1303/A130302/13114321/		未確認				46232	店舗照合済	The Tabelog Award 2020 Bronze / 公式受賞一覧全488件照合 / 公式掲載順 167/488 / https://award.tabelog.com/2020/restaurants/bronze
FOD-0544	さえき			飲食店	寿司	The Tabelog Award 2020 Bronze	京都府								https://tabelog.com/tokyo/A1303/A130302/26031313/		未確認				46232	店舗照合済	The Tabelog Award 2020 Bronze / 公式受賞一覧全488件照合 / 公式掲載順 168/488 / https://award.tabelog.com/2020/restaurants/bronze
FOD-0545	サエキ飯店			飲食店	中華料理	The Tabelog Award 2020 Bronze	東京都								https://tabelog.com/tokyo/A1303/A130302/13233311/		未確認				46232	店舗照合済	The Tabelog Award 2020 Bronze / 公式受賞一覧全488件照合 / 公式掲載順 169/488 / https://award.tabelog.com/2020/restaurants/bronze
FOD-0546	佐賀牛 季楽 銀座			飲食店	ステーキ・鉄板焼き	The Tabelog Award 2020 Bronze	東京都								https://tabelog.com/tokyo/A1303/A130302/13020504/		未確認				46232	店舗照合済	The Tabelog Award 2020 Bronze / 公式受賞一覧全488件照合 / 公式掲載順 170/488 / https://award.tabelog.com/2020/restaurants/bronze
FOD-0547	定谷			飲食店	ステーキ・鉄板焼き	The Tabelog Award 2020 Bronze	東京都								https://tabelog.com/tokyo/A1303/A130302/13031814/		未確認				46232	店舗照合済	The Tabelog Award 2020 Bronze / 公式受賞一覧全488件照合 / 公式掲載順 171/488 / https://award.tabelog.com/2020/restaurants/bronze
FOD-0548	SATOブリアン 本店			飲食店	焼肉・すき焼き・しゃぶしゃぶ	The Tabelog Award 2020 Bronze	東京都								https://tabelog.com/tokyo/A1303/A130302/13127046/		未確認				46232	店舗照合済	The Tabelog Award 2020 Bronze / 公式受賞一覧全488件照合 / 公式掲載順 172/488 / https://award.tabelog.com/2020/restaurants/bronze
FOD-0549	SATOブリアン さんごう			飲食店	焼肉・すき焼き・しゃぶしゃぶ	The Tabelog Award 2020 Bronze	東京都								https://tabelog.com/tokyo/A1303/A130302/13223460/		未確認				46232	店舗照合済	The Tabelog Award 2020 Bronze / 公式受賞一覧全488件照合 / 公式掲載順 173/488 / https://award.tabelog.com/2020/restaurants/bronze
FOD-0550	佐藤			飲食店	日本料理	The Tabelog Award 2020 Bronze	福岡県								https://tabelog.com/tokyo/A1303/A130302/40000240/		未確認				46232	店舗照合済	The Tabelog Award 2020 Bronze / 公式受賞一覧全488件照合 / 公式掲載順 175/488 / https://award.tabelog.com/2020/restaurants/bronze
FOD-0551	サトブリDA			飲食店	焼肉・すき焼き・しゃぶしゃぶ	The Tabelog Award 2020 Bronze	東京都								https://tabelog.com/tokyo/A1303/A130302/13216529/		未確認				46232	店舗照合済	The Tabelog Award 2020 Bronze / 公式受賞一覧全488件照合 / 公式掲載順 176/488 / https://award.tabelog.com/2020/restaurants/bronze
FOD-0552	サラマンジェ ド イザシ ワキサカ			飲食店	フレンチ	The Tabelog Award 2020 Bronze	東京都								https://tabelog.com/tokyo/A1303/A130302/13151302/		未確認				46232	店舗照合済	The Tabelog Award 2020 Bronze / 公式受賞一覧全488件照合 / 公式掲載順 177/488 / https://award.tabelog.com/2020/restaurants/bronze
FOD-0553	茶寮 宮坂			飲食店	日本料理	The Tabelog Award 2020 Bronze	東京都								https://tabelog.com/tokyo/A1303/A130302/13216329/		未確認				46232	店舗照合済	The Tabelog Award 2020 Bronze / 公式受賞一覧全488件照合 / 公式掲載順 178/488 / https://award.tabelog.com/2020/restaurants/bronze
FOD-0554	SALONE TOKYO			飲食店	イタリアン	The Tabelog Award 2020 Bronze	東京都								https://tabelog.com/tokyo/A1303/A130302/13218266/		未確認				46232	店舗照合済	The Tabelog Award 2020 Bronze / 公式受賞一覧全488件照合 / 公式掲載順 179/488 / https://award.tabelog.com/2020/restaurants/bronze
FOD-0555	SALONE 2007			飲食店	イタリアン	The Tabelog Award 2020 Bronze	神奈川県								https://tabelog.com/tokyo/A1303/A130302/14010542/		未確認				46232	店舗照合済	The Tabelog Award 2020 Bronze / 公式受賞一覧全488件照合 / 公式掲載順 180/488 / https://award.tabelog.com/2020/restaurants/bronze
FOD-0556	山玄茶			飲食店	日本料理	The Tabelog Award 2020 Bronze	京都府								https://tabelog.com/tokyo/A1303/A130302/26005351/		未確認				46232	店舗照合済	The Tabelog Award 2020 Bronze / 公式受賞一覧全488件照合 / 公式掲載順 181/488 / https://award.tabelog.com/2020/restaurants/bronze
FOD-0557	産直屋 たか			飲食店	居酒屋	The Tabelog Award 2020 Bronze	東京都								https://tabelog.com/tokyo/A1303/A130302/13008327/		未確認				46232	店舗照合済	The Tabelog Award 2020 Bronze / 公式受賞一覧全488件照合 / 公式掲載順 182/488 / https://award.tabelog.com/2020/restaurants/bronze
FOD-0558	サンプリシテ			飲食店	フレンチ	The Tabelog Award 2020 Bronze	東京都								https://tabelog.com/tokyo/A1303/A130302/13216899/		未確認				46232	店舗照合済	The Tabelog Award 2020 Bronze / 公式受賞一覧全488件照合 / 公式掲載順 183/488 / https://award.tabelog.com/2020/restaurants/bronze
FOD-0559	シェ・イノ			飲食店	フレンチ	The Tabelog Award 2020 Bronze	東京都								https://tabelog.com/tokyo/A1303/A130302/13000510/		未確認				46232	店舗照合済	The Tabelog Award 2020 Bronze / 公式受賞一覧全488件照合 / 公式掲載順 184/488 / https://award.tabelog.com/2020/restaurants/bronze
FOD-0560	sio			飲食店	フレンチ	The Tabelog Award 2020 Bronze	東京都								https://tabelog.com/tokyo/A1303/A130302/13150395/		未確認				46232	店舗照合済	The Tabelog Award 2020 Bronze / 公式受賞一覧全488件照合 / 公式掲載順 186/488 / https://award.tabelog.com/2020/restaurants/bronze
FOD-0561	重よし			飲食店	日本料理	The Tabelog Award 2020 Bronze	東京都								https://tabelog.com/tokyo/A1303/A130302/13001153/		未確認				46232	店舗照合済	The Tabelog Award 2020 Bronze / 公式受賞一覧全488件照合 / 公式掲載順 187/488 / https://award.tabelog.com/2020/restaurants/bronze
FOD-0562	召膳 無苦庵			飲食店	日本料理	The Tabelog Award 2020 Bronze	和歌山県								https://tabelog.com/tokyo/A1303/A130302/30008100/		未確認				46232	店舗照合済	The Tabelog Award 2020 Bronze / 公式受賞一覧全488件照合 / 公式掲載順 188/488 / https://award.tabelog.com/2020/restaurants/bronze
FOD-0563	私厨房 勇			飲食店	中華料理	The Tabelog Award 2020 Bronze	東京都								https://tabelog.com/tokyo/A1303/A130302/13168401/		未確認				46232	店舗照合済	The Tabelog Award 2020 Bronze / 公式受賞一覧全488件照合 / 公式掲載順 189/488 / https://award.tabelog.com/2020/restaurants/bronze
FOD-0564	じどりや 穏座			飲食店	焼き鳥・鳥料理	The Tabelog Award 2020 Bronze	滋賀県								https://tabelog.com/tokyo/A1303/A130302/25000920/		未確認				46232	店舗照合済	The Tabelog Award 2020 Bronze / 公式受賞一覧全488件照合 / 公式掲載順 190/488 / https://award.tabelog.com/2020/restaurants/bronze
FOD-0565	島之内 一陽			飲食店	日本料理	The Tabelog Award 2020 Bronze	大阪府								https://tabelog.com/tokyo/A1303/A130302/27000387/		未確認				46232	店舗照合済	The Tabelog Award 2020 Bronze / 公式受賞一覧全488件照合 / 公式掲載順 191/488 / https://award.tabelog.com/2020/restaurants/bronze
FOD-0566	滋味 康月			飲食店	日本料理	The Tabelog Award 2020 Bronze	滋賀県								https://tabelog.com/tokyo/A1303/A130302/25004939/		未確認				46232	店舗照合済	The Tabelog Award 2020 Bronze / 公式受賞一覧全488件照合 / 公式掲載順 192/488 / https://award.tabelog.com/2020/restaurants/bronze
FOD-0567	シャントレル			飲食店	フレンチ	The Tabelog Award 2020 Bronze	東京都								https://tabelog.com/tokyo/A1303/A130302/13128296/		未確認				46232	店舗照合済	The Tabelog Award 2020 Bronze / 公式受賞一覧全488件照合 / 公式掲載順 193/488 / https://award.tabelog.com/2020/restaurants/bronze
FOD-0568	シュマン			飲食店	フレンチ	The Tabelog Award 2020 Bronze	東京都								https://tabelog.com/tokyo/A1303/A130302/13001336/		未確認				46232	店舗照合済	The Tabelog Award 2020 Bronze / 公式受賞一覧全488件照合 / 公式掲載順 195/488 / https://award.tabelog.com/2020/restaurants/bronze
FOD-0569	正泰苑 総本店			飲食店	焼肉・すき焼き・しゃぶしゃぶ	The Tabelog Award 2020 Bronze	東京都								https://tabelog.com/tokyo/A1303/A130302/13003776/		未確認				46232	店舗照合済	The Tabelog Award 2020 Bronze / 公式受賞一覧全488件照合 / 公式掲載順 196/488 / https://award.tabelog.com/2020/restaurants/bronze
FOD-0570	招福樓 本店			飲食店	日本料理	The Tabelog Award 2020 Bronze	滋賀県								https://tabelog.com/tokyo/A1303/A130302/25000052/		未確認				46232	店舗照合済	The Tabelog Award 2020 Bronze / 公式受賞一覧全488件照合 / 公式掲載順 197/488 / https://award.tabelog.com/2020/restaurants/bronze
FOD-0571	喰善 あべ			飲食店	日本料理	The Tabelog Award 2020 Bronze	東京都								https://tabelog.com/tokyo/A1303/A130302/13162190/		未確認				46232	店舗照合済	The Tabelog Award 2020 Bronze / 公式受賞一覧全488件照合 / 公式掲載順 198/488 / https://award.tabelog.com/2020/restaurants/bronze
FOD-0572	食堂 おがわ			飲食店	日本料理	The Tabelog Award 2020 Bronze	京都府								https://tabelog.com/tokyo/A1303/A130302/26013892/		未確認				46232	店舗照合済	The Tabelog Award 2020 Bronze / 公式受賞一覧全488件照合 / 公式掲載順 199/488 / https://award.tabelog.com/2020/restaurants/bronze
FOD-0573	ジョンティ アッシュ			飲食店	フレンチ	The Tabelog Award 2020 Bronze	東京都								https://tabelog.com/tokyo/A1303/A130302/13056132/		未確認				46232	店舗照合済	The Tabelog Award 2020 Bronze / 公式受賞一覧全488件照合 / 公式掲載順 200/488 / https://award.tabelog.com/2020/restaurants/bronze
FOD-0574	白金台こばやし			飲食店	日本料理	The Tabelog Award 2020 Bronze	東京都								https://tabelog.com/tokyo/A1303/A130302/13162454/		未確認				46232	店舗照合済	The Tabelog Award 2020 Bronze / 公式受賞一覧全488件照合 / 公式掲載順 201/488 / https://award.tabelog.com/2020/restaurants/bronze
FOD-0575	sincere			飲食店	フレンチ	The Tabelog Award 2020 Bronze	東京都								https://tabelog.com/tokyo/A1303/A130302/13194253/		未確認				46232	店舗照合済	The Tabelog Award 2020 Bronze / 公式受賞一覧全488件照合 / 公式掲載順 202/488 / https://award.tabelog.com/2020/restaurants/bronze
FOD-0576	尽誠			飲食店	寿司	The Tabelog Award 2020 Bronze	大阪府								https://tabelog.com/tokyo/A1303/A130302/27000411/		未確認				46232	店舗照合済	The Tabelog Award 2020 Bronze / 公式受賞一覧全488件照合 / 公式掲載順 203/488 / https://award.tabelog.com/2020/restaurants/bronze
FOD-0577	しんせん 割烹 佐乃家			飲食店	日本料理	The Tabelog Award 2020 Bronze	東京都								https://tabelog.com/tokyo/A1303/A130302/13203305/		未確認				46232	店舗照合済	The Tabelog Award 2020 Bronze / 公式受賞一覧全488件照合 / 公式掲載順 204/488 / https://award.tabelog.com/2020/restaurants/bronze
FOD-0578	新ばし 笹田			飲食店	日本料理	The Tabelog Award 2020 Bronze	東京都								https://tabelog.com/tokyo/A1303/A130302/13020781/		未確認				46232	店舗照合済	The Tabelog Award 2020 Bronze / 公式受賞一覧全488件照合 / 公式掲載順 205/488 / https://award.tabelog.com/2020/restaurants/bronze
FOD-0579	スーツァン・レストラン陳 渋谷店			飲食店	中華料理	The Tabelog Award 2020 Bronze	東京都								https://tabelog.com/tokyo/A1303/A130302/13001909/		未確認				46232	店舗照合済	The Tabelog Award 2020 Bronze / 公式受賞一覧全488件照合 / 公式掲載順 206/488 / https://award.tabelog.com/2020/restaurants/bronze
FOD-0580	スイーツガーデン ユウジアジキ			飲食店	スイーツ	The Tabelog Award 2020 Bronze	神奈川県								https://tabelog.com/tokyo/A1303/A130302/14035784/		未確認				46232	店舗照合済	The Tabelog Award 2020 Bronze / 公式受賞一覧全488件照合 / 公式掲載順 207/488 / https://award.tabelog.com/2020/restaurants/bronze
FOD-0581	須崎食料品店			飲食店	うどん	The Tabelog Award 2020 Bronze	香川県								https://tabelog.com/tokyo/A1303/A130302/37000143/		未確認				46232	店舗照合済	The Tabelog Award 2020 Bronze / 公式受賞一覧全488件照合 / 公式掲載順 210/488 / https://award.tabelog.com/2020/restaurants/bronze
FOD-0582	寿司 いずみ			飲食店	寿司	The Tabelog Award 2020 Bronze	東京都								https://tabelog.com/tokyo/A1303/A130302/13018559/		未確認				46232	店舗照合済	The Tabelog Award 2020 Bronze / 公式受賞一覧全488件照合 / 公式掲載順 211/488 / https://award.tabelog.com/2020/restaurants/bronze
FOD-0583	鮨 いまむら			飲食店	寿司	The Tabelog Award 2020 Bronze	東京都								https://tabelog.com/tokyo/A1303/A130302/13096905/		未確認				46232	店舗照合済	The Tabelog Award 2020 Bronze / 公式受賞一覧全488件照合 / 公式掲載順 213/488 / https://award.tabelog.com/2020/restaurants/bronze
FOD-0584	寿し おおはた			飲食店	寿司	The Tabelog Award 2020 Bronze	大阪府								https://tabelog.com/tokyo/A1303/A130302/27057420/		未確認				46232	店舗照合済	The Tabelog Award 2020 Bronze / 公式受賞一覧全488件照合 / 公式掲載順 215/488 / https://award.tabelog.com/2020/restaurants/bronze
FOD-0585	鮨 おさむ			飲食店	寿司	The Tabelog Award 2020 Bronze	福岡県								https://tabelog.com/tokyo/A1303/A130302/40000001/		未確認				46232	店舗照合済	The Tabelog Award 2020 Bronze / 公式受賞一覧全488件照合 / 公式掲載順 216/488 / https://award.tabelog.com/2020/restaurants/bronze
FOD-0586	鮨 おとわ			飲食店	寿司	The Tabelog Award 2020 Bronze	神奈川県								https://tabelog.com/tokyo/A1303/A130302/14042983/		未確認				46232	店舗照合済	The Tabelog Award 2020 Bronze / 公式受賞一覧全488件照合 / 公式掲載順 217/488 / https://award.tabelog.com/2020/restaurants/bronze
FOD-0587	鮨木場谷			飲食店	寿司	The Tabelog Award 2020 Bronze	石川県								https://tabelog.com/tokyo/A1303/A130302/17010062/		未確認				46232	店舗照合済	The Tabelog Award 2020 Bronze / 公式受賞一覧全488件照合 / 公式掲載順 219/488 / https://award.tabelog.com/2020/restaurants/bronze
FOD-0588	鮨 行天			飲食店	寿司	The Tabelog Award 2020 Bronze	福岡県								https://tabelog.com/tokyo/A1303/A130302/40032025/		未確認				46232	店舗照合済	The Tabelog Award 2020 Bronze / 公式受賞一覧全488件照合 / 公式掲載順 220/488 / https://award.tabelog.com/2020/restaurants/bronze
FOD-0589	すし佐竹			飲食店	寿司	The Tabelog Award 2020 Bronze	東京都								https://tabelog.com/tokyo/A1303/A130302/13204429/		未確認				46232	店舗照合済	The Tabelog Award 2020 Bronze / 公式受賞一覧全488件照合 / 公式掲載順 222/488 / https://award.tabelog.com/2020/restaurants/bronze
FOD-0590	鮨 志の助			飲食店	寿司	The Tabelog Award 2020 Bronze	石川県								https://tabelog.com/tokyo/A1303/A130302/17000173/		未確認				46232	店舗照合済	The Tabelog Award 2020 Bronze / 公式受賞一覧全488件照合 / 公式掲載順 223/488 / https://award.tabelog.com/2020/restaurants/bronze
FOD-0591	すし匠 齋藤			飲食店	寿司	The Tabelog Award 2020 Bronze	東京都								https://tabelog.com/tokyo/A1303/A130302/13023988/		未確認				46232	店舗照合済	The Tabelog Award 2020 Bronze / 公式受賞一覧全488件照合 / 公式掲載順 224/488 / https://award.tabelog.com/2020/restaurants/bronze
FOD-0592	鮨人			飲食店	寿司	The Tabelog Award 2020 Bronze	富山県								https://tabelog.com/tokyo/A1303/A130302/16001163/		未確認				46232	店舗照合済	The Tabelog Award 2020 Bronze / 公式受賞一覧全488件照合 / 公式掲載順 226/488 / https://award.tabelog.com/2020/restaurants/bronze
FOD-0593	鮨 大門			飲食店	寿司	The Tabelog Award 2020 Bronze	富山県								https://tabelog.com/tokyo/A1303/A130302/16006504/		未確認				46232	店舗照合済	The Tabelog Award 2020 Bronze / 公式受賞一覧全488件照合 / 公式掲載順 228/488 / https://award.tabelog.com/2020/restaurants/bronze
FOD-0594	鮨 たかはし			飲食店	寿司	The Tabelog Award 2020 Bronze	東京都								https://tabelog.com/tokyo/A1303/A130302/13165933/		未確認				46232	店舗照合済	The Tabelog Award 2020 Bronze / 公式受賞一覧全488件照合 / 公式掲載順 229/488 / https://award.tabelog.com/2020/restaurants/bronze
FOD-0595	鮨竹			飲食店	寿司	The Tabelog Award 2020 Bronze	東京都								https://tabelog.com/tokyo/A1303/A130302/13169506/		未確認				46232	店舗照合済	The Tabelog Award 2020 Bronze / 公式受賞一覧全488件照合 / 公式掲載順 230/488 / https://award.tabelog.com/2020/restaurants/bronze
FOD-0596	寿司つばさ			飲食店	寿司	The Tabelog Award 2020 Bronze	福岡県								https://tabelog.com/tokyo/A1303/A130302/40043591/		未確認				46232	店舗照合済	The Tabelog Award 2020 Bronze / 公式受賞一覧全488件照合 / 公式掲載順 231/488 / https://award.tabelog.com/2020/restaurants/bronze
FOD-0597	鮨 とかみ			飲食店	寿司	The Tabelog Award 2020 Bronze	東京都								https://tabelog.com/tokyo/A1303/A130302/13155234/		未確認				46232	店舗照合済	The Tabelog Award 2020 Bronze / 公式受賞一覧全488件照合 / 公式掲載順 232/488 / https://award.tabelog.com/2020/restaurants/bronze
FOD-0598	寿し処 寿々			飲食店	寿司	The Tabelog Award 2020 Bronze	東京都								https://tabelog.com/tokyo/A1303/A130302/13024464/		未確認				46232	店舗照合済	The Tabelog Award 2020 Bronze / 公式受賞一覧全488件照合 / 公式掲載順 233/488 / https://award.tabelog.com/2020/restaurants/bronze
FOD-0599	鮨処 つく田			飲食店	寿司	The Tabelog Award 2020 Bronze	佐賀県								https://tabelog.com/tokyo/A1303/A130302/41000031/		未確認				46232	店舗照合済	The Tabelog Award 2020 Bronze / 公式受賞一覧全488件照合 / 公式掲載順 235/488 / https://award.tabelog.com/2020/restaurants/bronze
FOD-0600	すし処 宮葉			飲食店	寿司	The Tabelog Award 2020 Bronze	東京都								https://tabelog.com/tokyo/A1303/A130302/13019499/		未確認				46232	店舗照合済	The Tabelog Award 2020 Bronze / 公式受賞一覧全488件照合 / 公式掲載順 236/488 / https://award.tabelog.com/2020/restaurants/bronze
FOD-0601	鮨舳			飲食店	寿司	The Tabelog Award 2020 Bronze	香川県								https://tabelog.com/tokyo/A1303/A130302/37000358/		未確認				46232	店舗照合済	The Tabelog Award 2020 Bronze / 公式受賞一覧全488件照合 / 公式掲載順 237/488 / https://award.tabelog.com/2020/restaurants/bronze
FOD-0602	鮨 なかむら			飲食店	寿司	The Tabelog Award 2020 Bronze	東京都								https://tabelog.com/tokyo/A1303/A130302/13003314/		未確認				46232	店舗照合済	The Tabelog Award 2020 Bronze / 公式受賞一覧全488件照合 / 公式掲載順 238/488 / https://award.tabelog.com/2020/restaurants/bronze
FOD-0603	鮨 なんば 阿佐ヶ谷			飲食店	寿司	The Tabelog Award 2020 Bronze	東京都								https://tabelog.com/tokyo/A1303/A130302/13127515/		未確認				46232	店舗照合済	The Tabelog Award 2020 Bronze / 公式受賞一覧全488件照合 / 公式掲載順 239/488 / https://award.tabelog.com/2020/restaurants/bronze
FOD-0604	鮨 はしぐち			飲食店	寿司	The Tabelog Award 2020 Bronze	東京都								https://tabelog.com/tokyo/A1303/A130302/13134517/		未確認				46232	店舗照合済	The Tabelog Award 2020 Bronze / 公式受賞一覧全488件照合 / 公式掲載順 240/488 / https://award.tabelog.com/2020/restaurants/bronze
FOD-0605	鮓 ふじなが			飲食店	寿司	The Tabelog Award 2020 Bronze	東京都								https://tabelog.com/tokyo/A1303/A130302/13209440/		未確認				46232	店舗照合済	The Tabelog Award 2020 Bronze / 公式受賞一覧全488件照合 / 公式掲載順 242/488 / https://award.tabelog.com/2020/restaurants/bronze
FOD-0606	鮓 村瀬			飲食店	寿司	The Tabelog Award 2020 Bronze	東京都								https://tabelog.com/tokyo/A1303/A130302/13174475/		未確認				46232	店舗照合済	The Tabelog Award 2020 Bronze / 公式受賞一覧全488件照合 / 公式掲載順 244/488 / https://award.tabelog.com/2020/restaurants/bronze
FOD-0607	すし家 一柳			飲食店	寿司	The Tabelog Award 2020 Bronze	東京都								https://tabelog.com/tokyo/A1303/A130302/13156961/		未確認				46232	店舗照合済	The Tabelog Award 2020 Bronze / 公式受賞一覧全488件照合 / 公式掲載順 245/488 / https://award.tabelog.com/2020/restaurants/bronze
FOD-0608	鮨 安吉			飲食店	寿司	The Tabelog Award 2020 Bronze	福岡県								https://tabelog.com/tokyo/A1303/A130302/40001706/		未確認				46232	店舗照合済	The Tabelog Award 2020 Bronze / 公式受賞一覧全488件照合 / 公式掲載順 246/488 / https://award.tabelog.com/2020/restaurants/bronze
FOD-0609	すし屋 亙			飲食店	寿司	The Tabelog Award 2020 Bronze	兵庫県								https://tabelog.com/tokyo/A1303/A130302/28023929/		未確認				46232	店舗照合済	The Tabelog Award 2020 Bronze / 公式受賞一覧全488件照合 / 公式掲載順 247/488 / https://award.tabelog.com/2020/restaurants/bronze
FOD-0610	鮨 由う			飲食店	寿司	The Tabelog Award 2020 Bronze	東京都								https://tabelog.com/tokyo/A1303/A130302/13201640/		未確認				46232	店舗照合済	The Tabelog Award 2020 Bronze / 公式受賞一覧全488件照合 / 公式掲載順 248/488 / https://award.tabelog.com/2020/restaurants/bronze
FOD-0611	鮨 よし田			飲食店	寿司	The Tabelog Award 2020 Bronze	福岡県								https://tabelog.com/tokyo/A1303/A130302/40010507/		未確認				46232	店舗照合済	The Tabelog Award 2020 Bronze / 公式受賞一覧全488件照合 / 公式掲載順 249/488 / https://award.tabelog.com/2020/restaurants/bronze
FOD-0612	鮨 竜介			飲食店	寿司	The Tabelog Award 2020 Bronze	東京都								https://tabelog.com/tokyo/A1303/A130302/13185503/		未確認				46232	店舗照合済	The Tabelog Award 2020 Bronze / 公式受賞一覧全488件照合 / 公式掲載順 250/488 / https://award.tabelog.com/2020/restaurants/bronze
FOD-0613	鈴木			飲食店	うなぎ	The Tabelog Award 2020 Bronze	東京都								https://tabelog.com/tokyo/A1303/A130302/13005981/		未確認				46232	店舗照合済	The Tabelog Award 2020 Bronze / 公式受賞一覧全488件照合 / 公式掲載順 251/488 / https://award.tabelog.com/2020/restaurants/bronze
FOD-0614	ステーキハウス キッチンリボン			飲食店	ステーキ・鉄板焼き	The Tabelog Award 2020 Bronze	愛知県								https://tabelog.com/tokyo/A1303/A130302/23000494/		未確認				46232	店舗照合済	The Tabelog Award 2020 Bronze / 公式受賞一覧全488件照合 / 公式掲載順 252/488 / https://award.tabelog.com/2020/restaurants/bronze
FOD-0615	Spice&Dining KALA			飲食店	アジア・エスニック	The Tabelog Award 2020 Bronze	福岡県								https://tabelog.com/tokyo/A1303/A130302/40035804/		未確認				46232	店舗照合済	The Tabelog Award 2020 Bronze / 公式受賞一覧全488件照合 / 公式掲載順 254/488 / https://award.tabelog.com/2020/restaurants/bronze
FOD-0616	炭火割烹 蔓ききょう			飲食店	日本料理	The Tabelog Award 2020 Bronze	滋賀県								https://tabelog.com/tokyo/A1303/A130302/25003866/		未確認				46232	店舗照合済	The Tabelog Award 2020 Bronze / 公式受賞一覧全488件照合 / 公式掲載順 255/488 / https://award.tabelog.com/2020/restaurants/bronze
FOD-0617	炭火焼 ゆうじ			飲食店	焼肉・すき焼き・しゃぶしゃぶ	The Tabelog Award 2020 Bronze	東京都								https://tabelog.com/tokyo/A1303/A130302/13001794/		未確認				46232	店舗照合済	The Tabelog Award 2020 Bronze / 公式受賞一覧全488件照合 / 公式掲載順 256/488 / https://award.tabelog.com/2020/restaurants/bronze
FOD-0618	炭火焼肉 なかはら			飲食店	焼肉・すき焼き・しゃぶしゃぶ	The Tabelog Award 2020 Bronze	東京都								https://tabelog.com/tokyo/A1303/A130302/13175110/		未確認				46232	店舗照合済	The Tabelog Award 2020 Bronze / 公式受賞一覧全488件照合 / 公式掲載順 257/488 / https://award.tabelog.com/2020/restaurants/bronze
FOD-0619	スリオラ			飲食店	スペイン料理	The Tabelog Award 2020 Bronze	東京都								https://tabelog.com/tokyo/A1303/A130302/13125046/		未確認				46232	店舗照合済	The Tabelog Award 2020 Bronze / 公式受賞一覧全488件照合 / 公式掲載順 259/488 / https://award.tabelog.com/2020/restaurants/bronze
FOD-0620	青華こばやし			飲食店	日本料理	The Tabelog Award 2020 Bronze	東京都								https://tabelog.com/tokyo/A1303/A130302/13193077/		未確認				46232	店舗照合済	The Tabelog Award 2020 Bronze / 公式受賞一覧全488件照合 / 公式掲載順 260/488 / https://award.tabelog.com/2020/restaurants/bronze
FOD-0621	清壽			飲食店	天ぷら	The Tabelog Award 2020 Bronze	東京都								https://tabelog.com/tokyo/A1303/A130302/13058904/		未確認				46232	店舗照合済	The Tabelog Award 2020 Bronze / 公式受賞一覧全488件照合 / 公式掲載順 261/488 / https://award.tabelog.com/2020/restaurants/bronze
FOD-0622	青草窠			飲食店	日本料理	The Tabelog Award 2020 Bronze	東京都								https://tabelog.com/tokyo/A1303/A130302/13090635/		未確認				46232	店舗照合済	The Tabelog Award 2020 Bronze / 公式受賞一覧全488件照合 / 公式掲載順 262/488 / https://award.tabelog.com/2020/restaurants/bronze
FOD-0623	西洋料理 島			飲食店	ステーキ・鉄板焼き	The Tabelog Award 2020 Bronze	東京都								https://tabelog.com/tokyo/A1303/A130302/13000495/		未確認				46232	店舗照合済	The Tabelog Award 2020 Bronze / 公式受賞一覧全488件照合 / 公式掲載順 263/488 / https://award.tabelog.com/2020/restaurants/bronze
FOD-0624	石葉			飲食店	その他	The Tabelog Award 2020 Bronze	神奈川県								https://tabelog.com/tokyo/A1303/A130302/14003627/		未確認				46232	店舗照合済	The Tabelog Award 2020 Bronze / 公式受賞一覧全488件照合 / 公式掲載順 264/488 / https://award.tabelog.com/2020/restaurants/bronze
FOD-0625	SECRETO			飲食店	イノベーティブ・フュージョン	The Tabelog Award 2020 Bronze	東京都								https://tabelog.com/tokyo/A1303/A130302/13213559/		未確認				46232	店舗照合済	The Tabelog Award 2020 Bronze / 公式受賞一覧全488件照合 / 公式掲載順 265/488 / https://award.tabelog.com/2020/restaurants/bronze
FOD-0626	是しん			飲食店	日本料理	The Tabelog Award 2020 Bronze	大阪府								https://tabelog.com/tokyo/A1303/A130302/27077650/		未確認				46232	店舗照合済	The Tabelog Award 2020 Bronze / 公式受賞一覧全488件照合 / 公式掲載順 266/488 / https://award.tabelog.com/2020/restaurants/bronze
FOD-0627	セララバアド			飲食店	イノベーティブ・フュージョン	The Tabelog Award 2020 Bronze	東京都								https://tabelog.com/tokyo/A1303/A130302/13176914/		未確認				46232	店舗照合済	The Tabelog Award 2020 Bronze / 公式受賞一覧全488件照合 / 公式掲載順 267/488 / https://award.tabelog.com/2020/restaurants/bronze
FOD-0628	セルサルサーレ			飲食店	イタリアン	The Tabelog Award 2020 Bronze	東京都								https://tabelog.com/tokyo/A1303/A130302/13166739/		未確認				46232	店舗照合済	The Tabelog Award 2020 Bronze / 公式受賞一覧全488件照合 / 公式掲載順 268/488 / https://award.tabelog.com/2020/restaurants/bronze
FOD-0629	センス			飲食店	中華料理	The Tabelog Award 2020 Bronze	東京都								https://tabelog.com/tokyo/A1303/A130302/13020361/		未確認				46232	店舗照合済	The Tabelog Award 2020 Bronze / 公式受賞一覧全488件照合 / 公式掲載順 269/488 / https://award.tabelog.com/2020/restaurants/bronze
FOD-0630	千翠			飲食店	日本料理	The Tabelog Award 2020 Bronze	福岡県								https://tabelog.com/tokyo/A1303/A130302/40030782/		未確認				46232	店舗照合済	The Tabelog Award 2020 Bronze / 公式受賞一覧全488件照合 / 公式掲載順 270/488 / https://award.tabelog.com/2020/restaurants/bronze
FOD-0631	蕎麦 ふじおか			飲食店	そば	The Tabelog Award 2020 Bronze	長野県								https://tabelog.com/tokyo/A1303/A130302/20000415/		未確認				46232	店舗照合済	The Tabelog Award 2020 Bronze / 公式受賞一覧全488件照合 / 公式掲載順 271/488 / https://award.tabelog.com/2020/restaurants/bronze
FOD-0632	第三春美鮨			飲食店	寿司	The Tabelog Award 2020 Bronze	東京都								https://tabelog.com/tokyo/A1303/A130302/13002140/		未確認				46232	店舗照合済	The Tabelog Award 2020 Bronze / 公式受賞一覧全488件照合 / 公式掲載順 272/488 / https://award.tabelog.com/2020/restaurants/bronze
FOD-0633	大どころ			飲食店	日本料理	The Tabelog Award 2020 Bronze	福岡県								https://tabelog.com/tokyo/A1303/A130302/40036894/		未確認				46232	店舗照合済	The Tabelog Award 2020 Bronze / 公式受賞一覧全488件照合 / 公式掲載順 273/488 / https://award.tabelog.com/2020/restaurants/bronze
FOD-0634	鷹匠壽			飲食店	焼き鳥・鳥料理	The Tabelog Award 2020 Bronze	東京都								https://tabelog.com/tokyo/A1303/A130302/13003661/		未確認				46232	店舗照合済	The Tabelog Award 2020 Bronze / 公式受賞一覧全488件照合 / 公式掲載順 275/488 / https://award.tabelog.com/2020/restaurants/bronze
FOD-0635	高松			飲食店	日本料理	The Tabelog Award 2020 Bronze	京都府								https://tabelog.com/tokyo/A1303/A130302/26024689/		未確認				46232	店舗照合済	The Tabelog Award 2020 Bronze / 公式受賞一覧全488件照合 / 公式掲載順 276/488 / https://award.tabelog.com/2020/restaurants/bronze
FOD-0636	Takumi			飲食店	フレンチ	The Tabelog Award 2020 Bronze	東京都								https://tabelog.com/tokyo/A1303/A130302/13204624/		未確認				46232	店舗照合済	The Tabelog Award 2020 Bronze / 公式受賞一覧全488件照合 / 公式掲載順 277/488 / https://award.tabelog.com/2020/restaurants/bronze
FOD-0637	竹ざき			飲食店	日本料理	The Tabelog Award 2020 Bronze	京都府								https://tabelog.com/tokyo/A1303/A130302/26025714/		未確認				46232	店舗照合済	The Tabelog Award 2020 Bronze / 公式受賞一覧全488件照合 / 公式掲載順 279/488 / https://award.tabelog.com/2020/restaurants/bronze
FOD-0638	竹千代			飲食店	日本料理	The Tabelog Award 2020 Bronze	石川県								https://tabelog.com/tokyo/A1303/A130302/17000024/		未確認				46232	店舗照合済	The Tabelog Award 2020 Bronze / 公式受賞一覧全488件照合 / 公式掲載順 280/488 / https://award.tabelog.com/2020/restaurants/bronze
FOD-0639	たこつぼ			飲食店	日本料理	The Tabelog Award 2020 Bronze	広島県								https://tabelog.com/tokyo/A1303/A130302/34002931/		未確認				46232	店舗照合済	The Tabelog Award 2020 Bronze / 公式受賞一覧全488件照合 / 公式掲載順 281/488 / https://award.tabelog.com/2020/restaurants/bronze
FOD-0640	田代			飲食店	うなぎ	The Tabelog Award 2020 Bronze	愛知県								https://tabelog.com/tokyo/A1303/A130302/23003045/		未確認				46232	店舗照合済	The Tabelog Award 2020 Bronze / 公式受賞一覧全488件照合 / 公式掲載順 282/488 / https://award.tabelog.com/2020/restaurants/bronze
FOD-0641	たてもと			飲食店	魚介料理・海鮮料理	The Tabelog Award 2020 Bronze	大阪府								https://tabelog.com/tokyo/A1303/A130302/27033059/		未確認				46232	店舗照合済	The Tabelog Award 2020 Bronze / 公式受賞一覧全488件照合 / 公式掲載順 283/488 / https://award.tabelog.com/2020/restaurants/bronze
FOD-0642	多仁本			飲食店	日本料理	The Tabelog Award 2020 Bronze	東京都								https://tabelog.com/tokyo/A1303/A130302/13207060/		未確認				46232	店舗照合済	The Tabelog Award 2020 Bronze / 公式受賞一覧全488件照合 / 公式掲載順 285/488 / https://award.tabelog.com/2020/restaurants/bronze
FOD-0643	太平寿し			飲食店	寿司	The Tabelog Award 2020 Bronze	石川県								https://tabelog.com/tokyo/A1303/A130302/17000118/		未確認				46232	店舗照合済	The Tabelog Award 2020 Bronze / 公式受賞一覧全488件照合 / 公式掲載順 286/488 / https://award.tabelog.com/2020/restaurants/bronze
FOD-0644	ダム・ジャンヌ			飲食店	フレンチ	The Tabelog Award 2020 Bronze	東京都								https://tabelog.com/tokyo/A1303/A130302/13053893/		未確認				46232	店舗照合済	The Tabelog Award 2020 Bronze / 公式受賞一覧全488件照合 / 公式掲載順 288/488 / https://award.tabelog.com/2020/restaurants/bronze
FOD-0645	cenci			飲食店	イタリアン	The Tabelog Award 2020 Bronze	京都府								https://tabelog.com/tokyo/A1303/A130302/26024914/		未確認				46232	店舗照合済	The Tabelog Award 2020 Bronze / 公式受賞一覧全488件照合 / 公式掲載順 289/488 / https://award.tabelog.com/2020/restaurants/bronze
FOD-0646	馳走 啐啄一十			飲食店	日本料理	The Tabelog Award 2020 Bronze	広島県								https://tabelog.com/tokyo/A1303/A130302/34023887/		未確認				46232	店舗照合済	The Tabelog Award 2020 Bronze / 公式受賞一覧全488件照合 / 公式掲載順 290/488 / https://award.tabelog.com/2020/restaurants/bronze
FOD-0647	馳走 とし藤			飲食店	日本料理	The Tabelog Award 2020 Bronze	滋賀県								https://tabelog.com/tokyo/A1303/A130302/25007870/		未確認				46232	店舗照合済	The Tabelog Award 2020 Bronze / 公式受賞一覧全488件照合 / 公式掲載順 291/488 / https://award.tabelog.com/2020/restaurants/bronze
FOD-0648	中華 うずまき			飲食店	中華料理	The Tabelog Award 2020 Bronze	東京都								https://tabelog.com/tokyo/A1303/A130302/13053284/		未確認				46232	店舗照合済	The Tabelog Award 2020 Bronze / 公式受賞一覧全488件照合 / 公式掲載順 293/488 / https://award.tabelog.com/2020/restaurants/bronze
FOD-0649	中華そば しば田			ラーメン店	ラーメン	The Tabelog Award 2020 Bronze	東京都								https://tabelog.com/tokyo/A1303/A130302/13162681/		未確認				46232	店舗照合済	The Tabelog Award 2020 Bronze / 公式受賞一覧全488件照合 / 公式掲載順 294/488 / https://award.tabelog.com/2020/restaurants/bronze
FOD-0650	中華たかせ			飲食店	中華料理	The Tabelog Award 2020 Bronze	東京都								https://tabelog.com/tokyo/A1303/A130302/13199649/		未確認				46232	店舗照合済	The Tabelog Award 2020 Bronze / 公式受賞一覧全488件照合 / 公式掲載順 296/488 / https://award.tabelog.com/2020/restaurants/bronze
FOD-0651	趙楊			飲食店	中華料理	The Tabelog Award 2020 Bronze	東京都								https://tabelog.com/tokyo/A1303/A130302/13172920/		未確認				46232	店舗照合済	The Tabelog Award 2020 Bronze / 公式受賞一覧全488件照合 / 公式掲載順 297/488 / https://award.tabelog.com/2020/restaurants/bronze
FOD-0652	TSU・SHI・MI			飲食店	フレンチ	The Tabelog Award 2020 Bronze	東京都								https://tabelog.com/tokyo/A1303/A130302/13121317/		未確認				46232	店舗照合済	The Tabelog Award 2020 Bronze / 公式受賞一覧全488件照合 / 公式掲載順 298/488 / https://award.tabelog.com/2020/restaurants/bronze
FOD-0653	土家			飲食店	そば	The Tabelog Award 2020 Bronze	東京都								https://tabelog.com/tokyo/A1303/A130302/13061606/		未確認				46232	店舗照合済	The Tabelog Award 2020 Bronze / 公式受賞一覧全488件照合 / 公式掲載順 299/488 / https://award.tabelog.com/2020/restaurants/bronze
FOD-0654	THIERRY MARX salon			飲食店	フレンチ	The Tabelog Award 2020 Bronze	東京都								https://tabelog.com/tokyo/A1303/A130302/13199524/		未確認				46232	店舗照合済	The Tabelog Award 2020 Bronze / 公式受賞一覧全488件照合 / 公式掲載順 301/488 / https://award.tabelog.com/2020/restaurants/bronze
FOD-0655	照寿司			飲食店	寿司	The Tabelog Award 2020 Bronze	福岡県								https://tabelog.com/tokyo/A1303/A130302/40001637/		未確認				46232	店舗照合済	The Tabelog Award 2020 Bronze / 公式受賞一覧全488件照合 / 公式掲載順 303/488 / https://award.tabelog.com/2020/restaurants/bronze
FOD-0656	天神橋 青木			飲食店	日本料理	The Tabelog Award 2020 Bronze	大阪府								https://tabelog.com/tokyo/A1303/A130302/27076702/		未確認				46232	店舗照合済	The Tabelog Award 2020 Bronze / 公式受賞一覧全488件照合 / 公式掲載順 304/488 / https://award.tabelog.com/2020/restaurants/bronze
FOD-0657	天ぷら 蕎楽亭			飲食店	天ぷら	The Tabelog Award 2020 Bronze	東京都								https://tabelog.com/tokyo/A1303/A130302/13171952/		未確認				46232	店舗照合済	The Tabelog Award 2020 Bronze / 公式受賞一覧全488件照合 / 公式掲載順 305/488 / https://award.tabelog.com/2020/restaurants/bronze
FOD-0658	てんぷら 近藤			飲食店	天ぷら	The Tabelog Award 2020 Bronze	東京都								https://tabelog.com/tokyo/A1303/A130302/13004993/		未確認				46232	店舗照合済	The Tabelog Award 2020 Bronze / 公式受賞一覧全488件照合 / 公式掲載順 306/488 / https://award.tabelog.com/2020/restaurants/bronze
FOD-0659	天ぷら 松			飲食店	天ぷら	The Tabelog Award 2020 Bronze	京都府								https://tabelog.com/tokyo/A1303/A130302/26001461/		未確認				46232	店舗照合済	The Tabelog Award 2020 Bronze / 公式受賞一覧全488件照合 / 公式掲載順 307/488 / https://award.tabelog.com/2020/restaurants/bronze
FOD-0660	天ぷら 元吉			飲食店	天ぷら	The Tabelog Award 2020 Bronze	東京都								https://tabelog.com/tokyo/A1303/A130302/13035758/		未確認				46232	店舗照合済	The Tabelog Award 2020 Bronze / 公式受賞一覧全488件照合 / 公式掲載順 308/488 / https://award.tabelog.com/2020/restaurants/bronze
FOD-0661	天冨良 よこ田			飲食店	天ぷら	The Tabelog Award 2020 Bronze	東京都								https://tabelog.com/tokyo/A1303/A130302/13001340/		未確認				46232	店舗照合済	The Tabelog Award 2020 Bronze / 公式受賞一覧全488件照合 / 公式掲載順 309/488 / https://award.tabelog.com/2020/restaurants/bronze
FOD-0662	TTOAHISU			飲食店	フレンチ	The Tabelog Award 2020 Bronze	福岡県								https://tabelog.com/tokyo/A1303/A130302/40042997/		未確認				46232	店舗照合済	The Tabelog Award 2020 Bronze / 公式受賞一覧全488件照合 / 公式掲載順 310/488 / https://award.tabelog.com/2020/restaurants/bronze
FOD-0663	トゥールダルジャン 東京			飲食店	フレンチ	The Tabelog Award 2020 Bronze	東京都								https://tabelog.com/tokyo/A1303/A130302/13000288/		未確認				46232	店舗照合済	The Tabelog Award 2020 Bronze / 公式受賞一覧全488件照合 / 公式掲載順 311/488 / https://award.tabelog.com/2020/restaurants/bronze
FOD-0664	東京チャイニーズ 一凛			飲食店	中華料理	The Tabelog Award 2020 Bronze	東京都								https://tabelog.com/tokyo/A1303/A130302/13153417/		未確認				46232	店舗照合済	The Tabelog Award 2020 Bronze / 公式受賞一覧全488件照合 / 公式掲載順 312/488 / https://award.tabelog.com/2020/restaurants/bronze
FOD-0665	徳 うち山			飲食店	日本料理	The Tabelog Award 2020 Bronze	東京都								https://tabelog.com/tokyo/A1303/A130302/13129656/		未確認				46232	店舗照合済	The Tabelog Award 2020 Bronze / 公式受賞一覧全488件照合 / 公式掲載順 314/488 / https://award.tabelog.com/2020/restaurants/bronze
FOD-0666	得仙			飲食店	日本料理	The Tabelog Award 2020 Bronze	愛知県								https://tabelog.com/tokyo/A1303/A130302/23002852/		未確認				46232	店舗照合済	The Tabelog Award 2020 Bronze / 公式受賞一覧全488件照合 / 公式掲載順 315/488 / https://award.tabelog.com/2020/restaurants/bronze
FOD-0667	トマト			飲食店	アジア・エスニック	The Tabelog Award 2020 Bronze	東京都								https://tabelog.com/tokyo/A1303/A130302/13001113/		未確認				46232	店舗照合済	The Tabelog Award 2020 Bronze / 公式受賞一覧全488件照合 / 公式掲載順 317/488 / https://award.tabelog.com/2020/restaurants/bronze
FOD-0668	トムクリオーザ			飲食店	イタリアン	The Tabelog Award 2020 Bronze	大阪府								https://tabelog.com/tokyo/A1303/A130302/27075332/		未確認				46232	店舗照合済	The Tabelog Award 2020 Bronze / 公式受賞一覧全488件照合 / 公式掲載順 318/488 / https://award.tabelog.com/2020/restaurants/bronze
FOD-0669	鶏一途			飲食店	焼き鳥・鳥料理	The Tabelog Award 2020 Bronze	兵庫県								https://tabelog.com/tokyo/A1303/A130302/28008517/		未確認				46232	店舗照合済	The Tabelog Award 2020 Bronze / 公式受賞一覧全488件照合 / 公式掲載順 319/488 / https://award.tabelog.com/2020/restaurants/bronze
FOD-0670	とり喜			飲食店	焼き鳥・鳥料理	The Tabelog Award 2020 Bronze	東京都								https://tabelog.com/tokyo/A1303/A130302/13026017/		未確認				46232	店舗照合済	The Tabelog Award 2020 Bronze / 公式受賞一覧全488件照合 / 公式掲載順 320/488 / https://award.tabelog.com/2020/restaurants/bronze
FOD-0671	鳥さわ			飲食店	焼き鳥・鳥料理	The Tabelog Award 2020 Bronze	東京都								https://tabelog.com/tokyo/A1303/A130302/13135959/		未確認				46232	店舗照合済	The Tabelog Award 2020 Bronze / 公式受賞一覧全488件照合 / 公式掲載順 321/488 / https://award.tabelog.com/2020/restaurants/bronze
FOD-0672	鳥さわ22			飲食店	焼き鳥・鳥料理	The Tabelog Award 2020 Bronze	東京都								https://tabelog.com/tokyo/A1303/A130302/13222625/		未確認				46232	店舗照合済	The Tabelog Award 2020 Bronze / 公式受賞一覧全488件照合 / 公式掲載順 322/488 / https://award.tabelog.com/2020/restaurants/bronze
FOD-0673	鳥田中			飲食店	焼き鳥・鳥料理	The Tabelog Award 2020 Bronze	東京都								https://tabelog.com/tokyo/A1303/A130302/13208669/		未確認				46232	店舗照合済	The Tabelog Award 2020 Bronze / 公式受賞一覧全488件照合 / 公式掲載順 323/488 / https://award.tabelog.com/2020/restaurants/bronze
FOD-0674	鳥長			飲食店	焼き鳥・鳥料理	The Tabelog Award 2020 Bronze	東京都								https://tabelog.com/tokyo/A1303/A130302/13058892/		未確認				46232	店舗照合済	The Tabelog Award 2020 Bronze / 公式受賞一覧全488件照合 / 公式掲載順 324/488 / https://award.tabelog.com/2020/restaurants/bronze
FOD-0675	トロワフレーシュ			飲食店	ステーキ・鉄板焼き	The Tabelog Award 2020 Bronze	東京都								https://tabelog.com/tokyo/A1303/A130302/13130978/		未確認				46232	店舗照合済	The Tabelog Award 2020 Bronze / 公式受賞一覧全488件照合 / 公式掲載順 325/488 / https://award.tabelog.com/2020/restaurants/bronze
FOD-0676	とん太			飲食店	とんかつ・揚げ物	The Tabelog Award 2020 Bronze	東京都								https://tabelog.com/tokyo/A1303/A130302/13003984/		未確認				46232	店舗照合済	The Tabelog Award 2020 Bronze / 公式受賞一覧全488件照合 / 公式掲載順 326/488 / https://award.tabelog.com/2020/restaurants/bronze
FOD-0677	なか條			飲食店	寿司	The Tabelog Award 2020 Bronze	神奈川県								https://tabelog.com/tokyo/A1303/A130302/14065294/		未確認				46232	店舗照合済	The Tabelog Award 2020 Bronze / 公式受賞一覧全488件照合 / 公式掲載順 329/488 / https://award.tabelog.com/2020/restaurants/bronze
FOD-0678	中勢以 内店			飲食店	ステーキ・鉄板焼き	The Tabelog Award 2020 Bronze	東京都								https://tabelog.com/tokyo/A1303/A130302/13152057/		未確認				46232	店舗照合済	The Tabelog Award 2020 Bronze / 公式受賞一覧全488件照合 / 公式掲載順 330/488 / https://award.tabelog.com/2020/restaurants/bronze
FOD-0679	なかむら			飲食店	日本料理	The Tabelog Award 2020 Bronze	京都府								https://tabelog.com/tokyo/A1303/A130302/26003637/		未確認				46232	店舗照合済	The Tabelog Award 2020 Bronze / 公式受賞一覧全488件照合 / 公式掲載順 331/488 / https://award.tabelog.com/2020/restaurants/bronze
FOD-0680	ナベノ-イズム			飲食店	フレンチ	The Tabelog Award 2020 Bronze	東京都								https://tabelog.com/tokyo/A1303/A130302/13194700/		未確認				46232	店舗照合済	The Tabelog Award 2020 Bronze / 公式受賞一覧全488件照合 / 公式掲載順 332/488 / https://award.tabelog.com/2020/restaurants/bronze
FOD-0681	生粋			飲食店	焼肉・すき焼き・しゃぶしゃぶ	The Tabelog Award 2020 Bronze	東京都								https://tabelog.com/tokyo/A1303/A130302/13165294/		未確認				46232	店舗照合済	The Tabelog Award 2020 Bronze / 公式受賞一覧全488件照合 / 公式掲載順 333/488 / https://award.tabelog.com/2020/restaurants/bronze
FOD-0682	生ホルモン処 おさむちゃん。			飲食店	焼肉・すき焼き・しゃぶしゃぶ	The Tabelog Award 2020 Bronze	大阪府								https://tabelog.com/tokyo/A1303/A130302/27052134/		未確認				46232	店舗照合済	The Tabelog Award 2020 Bronze / 公式受賞一覧全488件照合 / 公式掲載順 334/488 / https://award.tabelog.com/2020/restaurants/bronze
FOD-0683	奈良 而今			飲食店	日本料理	The Tabelog Award 2020 Bronze	奈良県								https://tabelog.com/tokyo/A1303/A130302/29010206/		未確認				46232	店舗照合済	The Tabelog Award 2020 Bronze / 公式受賞一覧全488件照合 / 公式掲載順 335/488 / https://award.tabelog.com/2020/restaurants/bronze
FOD-0684	なる屋			飲食店	日本料理	The Tabelog Award 2020 Bronze	京都府								https://tabelog.com/tokyo/A1303/A130302/26024247/		未確認				46232	店舗照合済	The Tabelog Award 2020 Bronze / 公式受賞一覧全488件照合 / 公式掲載順 336/488 / https://award.tabelog.com/2020/restaurants/bronze
FOD-0685	肉割烹 上			飲食店	日本料理	The Tabelog Award 2020 Bronze	東京都								https://tabelog.com/tokyo/A1303/A130302/13209614/		未確認				46232	店舗照合済	The Tabelog Award 2020 Bronze / 公式受賞一覧全488件照合 / 公式掲載順 337/488 / https://award.tabelog.com/2020/restaurants/bronze
FOD-0686	二条城ふる田			飲食店	日本料理	The Tabelog Award 2020 Bronze	京都府								https://tabelog.com/tokyo/A1303/A130302/26027316/		未確認				46232	店舗照合済	The Tabelog Award 2020 Bronze / 公式受賞一覧全488件照合 / 公式掲載順 338/488 / https://award.tabelog.com/2020/restaurants/bronze
FOD-0687	日本橋 蕎ノ字			飲食店	天ぷら	The Tabelog Award 2020 Bronze	東京都								https://tabelog.com/tokyo/A1303/A130302/13201969/		未確認				46232	店舗照合済	The Tabelog Award 2020 Bronze / 公式受賞一覧全488件照合 / 公式掲載順 339/488 / https://award.tabelog.com/2020/restaurants/bronze
FOD-0688	日本料理 幸庵			飲食店	日本料理	The Tabelog Award 2020 Bronze	神奈川県								https://tabelog.com/tokyo/A1303/A130302/14004298/		未確認				46232	店舗照合済	The Tabelog Award 2020 Bronze / 公式受賞一覧全488件照合 / 公式掲載順 340/488 / https://award.tabelog.com/2020/restaurants/bronze
FOD-0689	日本料理 とくを			飲食店	日本料理	The Tabelog Award 2020 Bronze	京都府								https://tabelog.com/tokyo/A1303/A130302/26004751/		未確認				46232	店舗照合済	The Tabelog Award 2020 Bronze / 公式受賞一覧全488件照合 / 公式掲載順 342/488 / https://award.tabelog.com/2020/restaurants/bronze
FOD-0690	日本料理 TOBIUME			飲食店	日本料理	The Tabelog Award 2020 Bronze	福岡県								https://tabelog.com/tokyo/A1303/A130302/40019957/		未確認				46232	店舗照合済	The Tabelog Award 2020 Bronze / 公式受賞一覧全488件照合 / 公式掲載順 343/488 / https://award.tabelog.com/2020/restaurants/bronze
FOD-0691	はっこく			飲食店	寿司	The Tabelog Award 2020 Bronze	東京都								https://tabelog.com/tokyo/A1303/A130302/13217157/		未確認				46232	店舗照合済	The Tabelog Award 2020 Bronze / 公式受賞一覧全488件照合 / 公式掲載順 344/488 / https://award.tabelog.com/2020/restaurants/bronze
FOD-0692	パティスリー リョーコ			飲食店	スイーツ	The Tabelog Award 2020 Bronze	東京都								https://tabelog.com/tokyo/A1303/A130302/13137010/		未確認				46232	店舗照合済	The Tabelog Award 2020 Bronze / 公式受賞一覧全488件照合 / 公式掲載順 345/488 / https://award.tabelog.com/2020/restaurants/bronze
FOD-0693	花いち			飲食店	日本料理	The Tabelog Award 2020 Bronze	愛知県								https://tabelog.com/tokyo/A1303/A130302/23013684/		未確認				46232	店舗照合済	The Tabelog Award 2020 Bronze / 公式受賞一覧全488件照合 / 公式掲載順 346/488 / https://award.tabelog.com/2020/restaurants/bronze
FOD-0694	はらまさ			飲食店	日本料理	The Tabelog Award 2020 Bronze	東京都								https://tabelog.com/tokyo/A1303/A130302/13151542/		未確認				46232	店舗照合済	The Tabelog Award 2020 Bronze / 公式受賞一覧全488件照合 / 公式掲載順 347/488 / https://award.tabelog.com/2020/restaurants/bronze
FOD-0695	青空			飲食店	寿司	The Tabelog Award 2020 Bronze	東京都								https://tabelog.com/tokyo/A1303/A130302/13032283/		未確認				46232	店舗照合済	The Tabelog Award 2020 Bronze / 公式受賞一覧全488件照合 / 公式掲載順 348/488 / https://award.tabelog.com/2020/restaurants/bronze
FOD-0696	B			飲食店	フレンチ	The Tabelog Award 2020 Bronze	東京都								https://tabelog.com/tokyo/A1303/A130302/13217869/		未確認				46232	店舗照合済	The Tabelog Award 2020 Bronze / 公式受賞一覧全488件照合 / 公式掲載順 349/488 / https://award.tabelog.com/2020/restaurants/bronze
FOD-0697	東山 吉寿			飲食店	日本料理	The Tabelog Award 2020 Bronze	京都府								https://tabelog.com/tokyo/A1303/A130302/26031203/		未確認				46232	店舗照合済	The Tabelog Award 2020 Bronze / 公式受賞一覧全488件照合 / 公式掲載順 350/488 / https://award.tabelog.com/2020/restaurants/bronze
FOD-0698	樋口			飲食店	日本料理	The Tabelog Award 2020 Bronze	東京都								https://tabelog.com/tokyo/A1303/A130302/13001215/		未確認				46232	店舗照合済	The Tabelog Award 2020 Bronze / 公式受賞一覧全488件照合 / 公式掲載順 351/488 / https://award.tabelog.com/2020/restaurants/bronze
FOD-0699	京趣味 菱岩			飲食店	その他	The Tabelog Award 2020 Bronze	京都府								https://tabelog.com/tokyo/A1303/A130302/26000950/		未確認				46232	店舗照合済	The Tabelog Award 2020 Bronze / 公式受賞一覧全488件照合 / 公式掲載順 352/488 / https://award.tabelog.com/2020/restaurants/bronze
FOD-0700	ビストロ ダイア			飲食店	フレンチ	The Tabelog Award 2020 Bronze	愛知県								https://tabelog.com/tokyo/A1303/A130302/23042388/		未確認				46232	店舗照合済	The Tabelog Award 2020 Bronze / 公式受賞一覧全488件照合 / 公式掲載順 353/488 / https://award.tabelog.com/2020/restaurants/bronze
FOD-0701	羊SUNRISE			飲食店	焼肉・すき焼き・しゃぶしゃぶ	The Tabelog Award 2020 Bronze	東京都								https://tabelog.com/tokyo/A1303/A130302/13202705/		未確認				46232	店舗照合済	The Tabelog Award 2020 Bronze / 公式受賞一覧全488件照合 / 公式掲載順 354/488 / https://award.tabelog.com/2020/restaurants/bronze
FOD-0702	瓢亭 本店			飲食店	日本料理	The Tabelog Award 2020 Bronze	京都府								https://tabelog.com/tokyo/A1303/A130302/26001012/		未確認				46232	店舗照合済	The Tabelog Award 2020 Bronze / 公式受賞一覧全488件照合 / 公式掲載順 355/488 / https://award.tabelog.com/2020/restaurants/bronze
FOD-0703	ひろ作			飲食店	日本料理	The Tabelog Award 2020 Bronze	東京都								https://tabelog.com/tokyo/A1303/A130302/13015266/		未確認				46232	店舗照合済	The Tabelog Award 2020 Bronze / 公式受賞一覧全488件照合 / 公式掲載順 356/488 / https://award.tabelog.com/2020/restaurants/bronze
FOD-0704	ブーケ・ド・フランス			飲食店	フレンチ	The Tabelog Award 2020 Bronze	東京都								https://tabelog.com/tokyo/A1303/A130302/13002082/		未確認				46232	店舗照合済	The Tabelog Award 2020 Bronze / 公式受賞一覧全488件照合 / 公式掲載順 358/488 / https://award.tabelog.com/2020/restaurants/bronze
FOD-0705	フィオッキ			飲食店	イタリアン	The Tabelog Award 2020 Bronze	東京都								https://tabelog.com/tokyo/A1303/A130302/13003427/		未確認				46232	店舗照合済	The Tabelog Award 2020 Bronze / 公式受賞一覧全488件照合 / 公式掲載順 359/488 / https://award.tabelog.com/2020/restaurants/bronze
FOD-0706	ふぐ 福治			飲食店	魚介料理・海鮮料理	The Tabelog Award 2020 Bronze	東京都								https://tabelog.com/tokyo/A1303/A130302/13004009/		未確認				46232	店舗照合済	The Tabelog Award 2020 Bronze / 公式受賞一覧全488件照合 / 公式掲載順 360/488 / https://award.tabelog.com/2020/restaurants/bronze
FOD-0707	不動前 すし 岩澤			飲食店	寿司	The Tabelog Award 2020 Bronze	東京都								https://tabelog.com/tokyo/A1303/A130302/13193460/		未確認				46232	店舗照合済	The Tabelog Award 2020 Bronze / 公式受賞一覧全488件照合 / 公式掲載順 362/488 / https://award.tabelog.com/2020/restaurants/bronze
FOD-0708	フランス料理 壺中天			飲食店	フレンチ	The Tabelog Award 2020 Bronze	愛知県								https://tabelog.com/tokyo/A1303/A130302/23000380/		未確認				46232	店舗照合済	The Tabelog Award 2020 Bronze / 公式受賞一覧全488件照合 / 公式掲載順 363/488 / https://award.tabelog.com/2020/restaurants/bronze
FOD-0709	佛蘭西料理 名古屋			飲食店	フレンチ	The Tabelog Award 2020 Bronze	神奈川県								https://tabelog.com/tokyo/A1303/A130302/14057938/		未確認				46232	店舗照合済	The Tabelog Award 2020 Bronze / 公式受賞一覧全488件照合 / 公式掲載順 364/488 / https://award.tabelog.com/2020/restaurants/bronze
FOD-0710	プリズマ			飲食店	イタリアン	The Tabelog Award 2020 Bronze	東京都								https://tabelog.com/tokyo/A1303/A130302/13123890/		未確認				46232	店舗照合済	The Tabelog Award 2020 Bronze / 公式受賞一覧全488件照合 / 公式掲載順 365/488 / https://award.tabelog.com/2020/restaurants/bronze
FOD-0711	プリンチピオ			飲食店	イタリアン	The Tabelog Award 2020 Bronze	東京都								https://tabelog.com/tokyo/A1303/A130302/13144481/		未確認				46232	店舗照合済	The Tabelog Award 2020 Bronze / 公式受賞一覧全488件照合 / 公式掲載順 366/488 / https://award.tabelog.com/2020/restaurants/bronze
FOD-0712	FURUYA augastronome			飲食店	フレンチ	The Tabelog Award 2020 Bronze	東京都								https://tabelog.com/tokyo/A1303/A130302/13188159/		未確認				46232	店舗照合済	The Tabelog Award 2020 Bronze / 公式受賞一覧全488件照合 / 公式掲載順 367/488 / https://award.tabelog.com/2020/restaurants/bronze
FOD-0713	プレヴナンス			飲食店	フレンチ	The Tabelog Award 2020 Bronze	東京都								https://tabelog.com/tokyo/A1303/A130302/13162493/		未確認				46232	店舗照合済	The Tabelog Award 2020 Bronze / 公式受賞一覧全488件照合 / 公式掲載順 368/488 / https://award.tabelog.com/2020/restaurants/bronze
FOD-0714	ブレストンコート ユカワタン			飲食店	フレンチ	The Tabelog Award 2020 Bronze	長野県								https://tabelog.com/tokyo/A1303/A130302/20014528/		未確認				46232	店舗照合済	The Tabelog Award 2020 Bronze / 公式受賞一覧全488件照合 / 公式掲載順 369/488 / https://award.tabelog.com/2020/restaurants/bronze
FOD-0715	フロリレージュ			飲食店	イノベーティブ・フュージョン	The Tabelog Award 2020 Bronze	東京都								https://tabelog.com/tokyo/A1303/A130302/13093814/		未確認				46232	店舗照合済	The Tabelog Award 2020 Bronze / 公式受賞一覧全488件照合 / 公式掲載順 370/488 / https://award.tabelog.com/2020/restaurants/bronze
FOD-0716	ベック			飲食店	フレンチ	The Tabelog Award 2020 Bronze	兵庫県								https://tabelog.com/tokyo/A1303/A130302/28033177/		未確認				46232	店舗照合済	The Tabelog Award 2020 Bronze / 公式受賞一覧全488件照合 / 公式掲載順 371/488 / https://award.tabelog.com/2020/restaurants/bronze
FOD-0717	Homemade Ramen 麦苗			ラーメン店	ラーメン	The Tabelog Award 2020 Bronze	東京都								https://tabelog.com/tokyo/A1303/A130302/13194812/		未確認				46232	店舗照合済	The Tabelog Award 2020 Bronze / 公式受賞一覧全488件照合 / 公式掲載順 372/488 / https://award.tabelog.com/2020/restaurants/bronze
FOD-0718	ほかけ			飲食店	寿司	The Tabelog Award 2020 Bronze	東京都								https://tabelog.com/tokyo/A1303/A130302/13002472/		未確認				46232	店舗照合済	The Tabelog Award 2020 Bronze / 公式受賞一覧全488件照合 / 公式掲載順 373/488 / https://award.tabelog.com/2020/restaurants/bronze
FOD-0719	ボタニカリー			飲食店	アジア・エスニック	The Tabelog Award 2020 Bronze	大阪府								https://tabelog.com/tokyo/A1303/A130302/27073555/		未確認				46232	店舗照合済	The Tabelog Award 2020 Bronze / 公式受賞一覧全488件照合 / 公式掲載順 374/488 / https://award.tabelog.com/2020/restaurants/bronze
FOD-0720	ボッテガ			飲食店	イタリアン	The Tabelog Award 2020 Bronze	東京都								https://tabelog.com/tokyo/A1303/A130302/13204358/		未確認				46232	店舗照合済	The Tabelog Award 2020 Bronze / 公式受賞一覧全488件照合 / 公式掲載順 375/488 / https://award.tabelog.com/2020/restaurants/bronze
FOD-0721	ボナ・フェスタ			飲食店	その他	The Tabelog Award 2020 Bronze	東京都								https://tabelog.com/tokyo/A1303/A130302/13016868/		未確認				46232	店舗照合済	The Tabelog Award 2020 Bronze / 公式受賞一覧全488件照合 / 公式掲載順 376/488 / https://award.tabelog.com/2020/restaurants/bronze
FOD-0722	ポンテ デル ピアット			飲食店	イタリアン	The Tabelog Award 2020 Bronze	東京都								https://tabelog.com/tokyo/A1303/A130302/13166111/		未確認				46232	店舗照合済	The Tabelog Award 2020 Bronze / 公式受賞一覧全488件照合 / 公式掲載順 377/488 / https://award.tabelog.com/2020/restaurants/bronze
FOD-0723	MAVO			飲食店	フレンチ	The Tabelog Award 2020 Bronze	京都府								https://tabelog.com/tokyo/A1303/A130302/26024162/		未確認				46232	店舗照合済	The Tabelog Award 2020 Bronze / 公式受賞一覧全488件照合 / 公式掲載順 378/488 / https://award.tabelog.com/2020/restaurants/bronze
FOD-0724	まさる			飲食店	寿司	The Tabelog Award 2020 Bronze	大阪府								https://tabelog.com/tokyo/A1303/A130302/27000995/		未確認				46232	店舗照合済	The Tabelog Award 2020 Bronze / 公式受賞一覧全488件照合 / 公式掲載順 379/488 / https://award.tabelog.com/2020/restaurants/bronze
FOD-0725	マスドラヴァンド			飲食店	フレンチ	The Tabelog Award 2020 Bronze	愛知県								https://tabelog.com/tokyo/A1303/A130302/23055994/		未確認				46232	店舗照合済	The Tabelog Award 2020 Bronze / 公式受賞一覧全488件照合 / 公式掲載順 380/488 / https://award.tabelog.com/2020/restaurants/bronze
FOD-0726	マダム・トキ			飲食店	フレンチ	The Tabelog Award 2020 Bronze	東京都								https://tabelog.com/tokyo/A1303/A130302/13001707/		未確認				46232	店舗照合済	The Tabelog Award 2020 Bronze / 公式受賞一覧全488件照合 / 公式掲載順 381/488 / https://award.tabelog.com/2020/restaurants/bronze
FOD-0727	松弥			飲食店	日本料理	The Tabelog Award 2020 Bronze	大阪府								https://tabelog.com/tokyo/A1303/A130302/27055493/		未確認				46232	店舗照合済	The Tabelog Award 2020 Bronze / 公式受賞一覧全488件照合 / 公式掲載順 382/488 / https://award.tabelog.com/2020/restaurants/bronze
FOD-0728	マノワール・ディノ			飲食店	フレンチ	The Tabelog Award 2020 Bronze	東京都								https://tabelog.com/tokyo/A1303/A130302/13001278/		未確認				46232	店舗照合済	The Tabelog Award 2020 Bronze / 公式受賞一覧全488件照合 / 公式掲載順 383/488 / https://award.tabelog.com/2020/restaurants/bronze
FOD-0729	まる富			飲食店	日本料理	The Tabelog Award 2020 Bronze	東京都								https://tabelog.com/tokyo/A1303/A130302/13158579/		未確認				46232	店舗照合済	The Tabelog Award 2020 Bronze / 公式受賞一覧全488件照合 / 公式掲載順 384/488 / https://award.tabelog.com/2020/restaurants/bronze
FOD-0730	美かさ			飲食店	天ぷら	The Tabelog Award 2020 Bronze	神奈川県								https://tabelog.com/tokyo/A1303/A130302/14000813/		未確認				46232	店舗照合済	The Tabelog Award 2020 Bronze / 公式受賞一覧全488件照合 / 公式掲載順 385/488 / https://award.tabelog.com/2020/restaurants/bronze
FOD-0731	ミモザ			飲食店	中華料理	The Tabelog Award 2020 Bronze	東京都								https://tabelog.com/tokyo/A1303/A130302/13197047/		未確認				46232	店舗照合済	The Tabelog Award 2020 Bronze / 公式受賞一覧全488件照合 / 公式掲載順 389/488 / https://award.tabelog.com/2020/restaurants/bronze
FOD-0732	美山荘			飲食店	日本料理	The Tabelog Award 2020 Bronze	京都府								https://tabelog.com/tokyo/A1303/A130302/26001066/		未確認				46232	店舗照合済	The Tabelog Award 2020 Bronze / 公式受賞一覧全488件照合 / 公式掲載順 390/488 / https://award.tabelog.com/2020/restaurants/bronze
FOD-0733	みょうが屋			飲食店	焼肉・すき焼き・しゃぶしゃぶ	The Tabelog Award 2020 Bronze	宮崎県								https://tabelog.com/tokyo/A1303/A130302/45000273/		未確認				46232	店舗照合済	The Tabelog Award 2020 Bronze / 公式受賞一覧全488件照合 / 公式掲載順 391/488 / https://award.tabelog.com/2020/restaurants/bronze
FOD-0734	妙見石原荘 食菜石蔵			飲食店	日本料理	The Tabelog Award 2020 Bronze	鹿児島県								https://tabelog.com/tokyo/A1303/A130302/46001299/		未確認				46232	店舗照合済	The Tabelog Award 2020 Bronze / 公式受賞一覧全488件照合 / 公式掲載順 392/488 / https://award.tabelog.com/2020/restaurants/bronze
FOD-0735	むろまち 加地			飲食店	居酒屋	The Tabelog Award 2020 Bronze	京都府								https://tabelog.com/tokyo/A1303/A130302/26018600/		未確認				46232	店舗照合済	The Tabelog Award 2020 Bronze / 公式受賞一覧全488件照合 / 公式掲載順 394/488 / https://award.tabelog.com/2020/restaurants/bronze
FOD-0736	室町 和久傳			飲食店	日本料理	The Tabelog Award 2020 Bronze	京都府								https://tabelog.com/tokyo/A1303/A130302/26000621/		未確認				46232	店舗照合済	The Tabelog Award 2020 Bronze / 公式受賞一覧全488件照合 / 公式掲載順 395/488 / https://award.tabelog.com/2020/restaurants/bronze
FOD-0737	明道町中国菜 一星			飲食店	中華料理	The Tabelog Award 2020 Bronze	愛知県								https://tabelog.com/tokyo/A1303/A130302/23062130/		未確認				46232	店舗照合済	The Tabelog Award 2020 Bronze / 公式受賞一覧全488件照合 / 公式掲載順 396/488 / https://award.tabelog.com/2020/restaurants/bronze
FOD-0738	メゾン ラフィット			飲食店	フレンチ	The Tabelog Award 2020 Bronze	福岡県								https://tabelog.com/tokyo/A1303/A130302/40023784/		未確認				46232	店舗照合済	The Tabelog Award 2020 Bronze / 公式受賞一覧全488件照合 / 公式掲載順 397/488 / https://award.tabelog.com/2020/restaurants/bronze
FOD-0739	麺尊 RAGE			ラーメン店	ラーメン	The Tabelog Award 2020 Bronze	東京都								https://tabelog.com/tokyo/A1303/A130302/13178309/		未確認				46232	店舗照合済	The Tabelog Award 2020 Bronze / 公式受賞一覧全488件照合 / 公式掲載順 398/488 / https://award.tabelog.com/2020/restaurants/bronze
FOD-0740	麺屋一燈			ラーメン店	ラーメン	The Tabelog Award 2020 Bronze	東京都								https://tabelog.com/tokyo/A1303/A130302/13111737/		未確認				46232	店舗照合済	The Tabelog Award 2020 Bronze / 公式受賞一覧全488件照合 / 公式掲載順 399/488 / https://award.tabelog.com/2020/restaurants/bronze
FOD-0741	モトイ			飲食店	フレンチ	The Tabelog Award 2020 Bronze	京都府								https://tabelog.com/tokyo/A1303/A130302/26019431/		未確認				46232	店舗照合済	The Tabelog Award 2020 Bronze / 公式受賞一覧全488件照合 / 公式掲載順 400/488 / https://award.tabelog.com/2020/restaurants/bronze
FOD-0742	もめん			飲食店	日本料理	The Tabelog Award 2020 Bronze	大阪府								https://tabelog.com/tokyo/A1303/A130302/27017665/		未確認				46232	店舗照合済	The Tabelog Award 2020 Bronze / 公式受賞一覧全488件照合 / 公式掲載順 401/488 / https://award.tabelog.com/2020/restaurants/bronze
FOD-0743	もりかわ			飲食店	日本料理	The Tabelog Award 2020 Bronze	東京都								https://tabelog.com/tokyo/A1303/A130302/13002772/		未確認				46232	店舗照合済	The Tabelog Award 2020 Bronze / 公式受賞一覧全488件照合 / 公式掲載順 402/488 / https://award.tabelog.com/2020/restaurants/bronze
FOD-0744	もり田			飲食店	寿司	The Tabelog Award 2020 Bronze	福岡県								https://tabelog.com/tokyo/A1303/A130302/40000408/		未確認				46232	店舗照合済	The Tabelog Award 2020 Bronze / 公式受賞一覧全488件照合 / 公式掲載順 403/488 / https://award.tabelog.com/2020/restaurants/bronze
FOD-0745	焼鳥 市松			飲食店	焼き鳥・鳥料理	The Tabelog Award 2020 Bronze	大阪府								https://tabelog.com/tokyo/A1303/A130302/27013209/		未確認				46232	店舗照合済	The Tabelog Award 2020 Bronze / 公式受賞一覧全488件照合 / 公式掲載順 404/488 / https://award.tabelog.com/2020/restaurants/bronze
FOD-0746	焼鳥 おみ乃			飲食店	焼き鳥・鳥料理	The Tabelog Award 2020 Bronze	東京都								https://tabelog.com/tokyo/A1303/A130302/13206654/		未確認				46232	店舗照合済	The Tabelog Award 2020 Bronze / 公式受賞一覧全488件照合 / 公式掲載順 405/488 / https://award.tabelog.com/2020/restaurants/bronze
FOD-0747	焼鳥 かさ原			飲食店	焼き鳥・鳥料理	The Tabelog Award 2020 Bronze	兵庫県								https://tabelog.com/tokyo/A1303/A130302/28045767/		未確認				46232	店舗照合済	The Tabelog Award 2020 Bronze / 公式受賞一覧全488件照合 / 公式掲載順 406/488 / https://award.tabelog.com/2020/restaurants/bronze
FOD-0748	焼肉うしごろ 銀座並木通り店			飲食店	焼肉・すき焼き・しゃぶしゃぶ	The Tabelog Award 2020 Bronze	東京都								https://tabelog.com/tokyo/A1303/A130302/13226719/		未確認				46232	店舗照合済	The Tabelog Award 2020 Bronze / 公式受賞一覧全488件照合 / 公式掲載順 407/488 / https://award.tabelog.com/2020/restaurants/bronze
FOD-0749	焼肉 うしごろ 銀座店			飲食店	焼肉・すき焼き・しゃぶしゃぶ	The Tabelog Award 2020 Bronze	東京都								https://tabelog.com/tokyo/A1303/A130302/13167325/		未確認				46232	店舗照合済	The Tabelog Award 2020 Bronze / 公式受賞一覧全488件照合 / 公式掲載順 408/488 / https://award.tabelog.com/2020/restaurants/bronze
FOD-0750	焼肉 銀座コバウ			飲食店	焼肉・すき焼き・しゃぶしゃぶ	The Tabelog Award 2020 Bronze	東京都								https://tabelog.com/tokyo/A1303/A130302/13005008/		未確認				46232	店舗照合済	The Tabelog Award 2020 Bronze / 公式受賞一覧全488件照合 / 公式掲載順 409/488 / https://award.tabelog.com/2020/restaurants/bronze
FOD-0751	焼肉 ジャンボ 篠崎本店			飲食店	焼肉・すき焼き・しゃぶしゃぶ	The Tabelog Award 2020 Bronze	東京都								https://tabelog.com/tokyo/A1303/A130302/13003075/		未確認				46232	店舗照合済	The Tabelog Award 2020 Bronze / 公式受賞一覧全488件照合 / 公式掲載順 410/488 / https://award.tabelog.com/2020/restaurants/bronze
FOD-0752	焼肉 ジャンボ 本郷店			飲食店	焼肉・すき焼き・しゃぶしゃぶ	The Tabelog Award 2020 Bronze	東京都								https://tabelog.com/tokyo/A1303/A130302/13110601/		未確認				46232	店舗照合済	The Tabelog Award 2020 Bronze / 公式受賞一覧全488件照合 / 公式掲載順 411/488 / https://award.tabelog.com/2020/restaurants/bronze
FOD-0753	弥助			飲食店	寿司	The Tabelog Award 2020 Bronze	大阪府								https://tabelog.com/tokyo/A1303/A130302/27001079/		未確認				46232	店舗照合済	The Tabelog Award 2020 Bronze / 公式受賞一覧全488件照合 / 公式掲載順 412/488 / https://award.tabelog.com/2020/restaurants/bronze
FOD-0754	薮蕎麦 宮本			飲食店	そば	The Tabelog Award 2020 Bronze	静岡県								https://tabelog.com/tokyo/A1303/A130302/22000036/		未確認				46232	店舗照合済	The Tabelog Award 2020 Bronze / 公式受賞一覧全488件照合 / 公式掲載順 413/488 / https://award.tabelog.com/2020/restaurants/bronze
FOD-0755	山地陽介			飲食店	フレンチ	The Tabelog Award 2020 Bronze	京都府								https://tabelog.com/tokyo/A1303/A130302/26025794/		未確認				46232	店舗照合済	The Tabelog Award 2020 Bronze / 公式受賞一覧全488件照合 / 公式掲載順 414/488 / https://award.tabelog.com/2020/restaurants/bronze
FOD-0756	山田屋			飲食店	魚介料理・海鮮料理	The Tabelog Award 2020 Bronze	大分県								https://tabelog.com/tokyo/A1303/A130302/44000241/		未確認				46232	店舗照合済	The Tabelog Award 2020 Bronze / 公式受賞一覧全488件照合 / 公式掲載順 415/488 / https://award.tabelog.com/2020/restaurants/bronze
FOD-0757	山猫軒			飲食店	創作料理	The Tabelog Award 2020 Bronze	愛知県								https://tabelog.com/tokyo/A1303/A130302/23001482/		未確認				46232	店舗照合済	The Tabelog Award 2020 Bronze / 公式受賞一覧全488件照合 / 公式掲載順 416/488 / https://award.tabelog.com/2020/restaurants/bronze
FOD-0758	山の茶屋			飲食店	うなぎ	The Tabelog Award 2020 Bronze	東京都								https://tabelog.com/tokyo/A1303/A130302/13002739/		未確認				46232	店舗照合済	The Tabelog Award 2020 Bronze / 公式受賞一覧全488件照合 / 公式掲載順 417/488 / https://award.tabelog.com/2020/restaurants/bronze
FOD-0759	横浜うかい亭			飲食店	ステーキ・鉄板焼き	The Tabelog Award 2020 Bronze	神奈川県								https://tabelog.com/tokyo/A1303/A130302/14000790/		未確認				46232	店舗照合済	The Tabelog Award 2020 Bronze / 公式受賞一覧全488件照合 / 公式掲載順 418/488 / https://award.tabelog.com/2020/restaurants/bronze
FOD-0760	吉い			飲食店	日本料理	The Tabelog Award 2020 Bronze	愛知県								https://tabelog.com/tokyo/A1303/A130302/23044914/		未確認				46232	店舗照合済	The Tabelog Award 2020 Bronze / 公式受賞一覧全488件照合 / 公式掲載順 419/488 / https://award.tabelog.com/2020/restaurants/bronze
FOD-0761	4000 Chinese Restaurant			飲食店	中華料理	The Tabelog Award 2020 Bronze	東京都								https://tabelog.com/tokyo/A1303/A130302/13229559/		未確認				46232	店舗照合済	The Tabelog Award 2020 Bronze / 公式受賞一覧全488件照合 / 公式掲載順 420/488 / https://award.tabelog.com/2020/restaurants/bronze
FOD-0762	ラ・ヴァガボンド			飲食店	フレンチ	The Tabelog Award 2020 Bronze	愛知県								https://tabelog.com/tokyo/A1303/A130302/23040370/		未確認				46232	店舗照合済	The Tabelog Award 2020 Bronze / 公式受賞一覧全488件照合 / 公式掲載順 421/488 / https://award.tabelog.com/2020/restaurants/bronze
FOD-0763	ラ・トゥーエル			飲食店	フレンチ	The Tabelog Award 2020 Bronze	東京都								https://tabelog.com/tokyo/A1303/A130302/13000457/		未確認				46232	店舗照合済	The Tabelog Award 2020 Bronze / 公式受賞一覧全488件照合 / 公式掲載順 422/488 / https://award.tabelog.com/2020/restaurants/bronze
FOD-0764	ラ・ビオグラフィ			飲食店	フレンチ	The Tabelog Award 2020 Bronze	京都府								https://tabelog.com/tokyo/A1303/A130302/26018589/		未確認				46232	店舗照合済	The Tabelog Award 2020 Bronze / 公式受賞一覧全488件照合 / 公式掲載順 423/488 / https://award.tabelog.com/2020/restaurants/bronze
FOD-0765	ラ・ファソン 古賀			飲食店	フレンチ	The Tabelog Award 2020 Bronze	東京都								https://tabelog.com/tokyo/A1303/A130302/13155778/		未確認				46232	店舗照合済	The Tabelog Award 2020 Bronze / 公式受賞一覧全488件照合 / 公式掲載順 424/488 / https://award.tabelog.com/2020/restaurants/bronze
FOD-0766	ラ・ベ			飲食店	フレンチ	The Tabelog Award 2020 Bronze	大阪府								https://tabelog.com/tokyo/A1303/A130302/27000702/		未確認				46232	店舗照合済	The Tabelog Award 2020 Bronze / 公式受賞一覧全488件照合 / 公式掲載順 426/488 / https://award.tabelog.com/2020/restaurants/bronze
FOD-0767	ラ・メール ザ クラシック			飲食店	フレンチ	The Tabelog Award 2020 Bronze	三重県								https://tabelog.com/tokyo/A1303/A130302/24000053/		未確認				46232	店舗照合済	The Tabelog Award 2020 Bronze / 公式受賞一覧全488件照合 / 公式掲載順 428/488 / https://award.tabelog.com/2020/restaurants/bronze
FOD-0768	らーめん専門 和海			ラーメン店	ラーメン	The Tabelog Award 2020 Bronze	兵庫県								https://tabelog.com/tokyo/A1303/A130302/28031755/		未確認				46232	店舗照合済	The Tabelog Award 2020 Bronze / 公式受賞一覧全488件照合 / 公式掲載順 429/488 / https://award.tabelog.com/2020/restaurants/bronze
FOD-0769	ラール・エ・ラ・マニエール			飲食店	フレンチ	The Tabelog Award 2020 Bronze	東京都								https://tabelog.com/tokyo/A1303/A130302/13095732/		未確認				46232	店舗照合済	The Tabelog Award 2020 Bronze / 公式受賞一覧全488件照合 / 公式掲載順 430/488 / https://award.tabelog.com/2020/restaurants/bronze
FOD-0770	らぁ麺 飯田商店			ラーメン店	ラーメン	The Tabelog Award 2020 Bronze	神奈川県								https://tabelog.com/tokyo/A1303/A130302/14038776/		未確認				46232	店舗照合済	The Tabelog Award 2020 Bronze / 公式受賞一覧全488件照合 / 公式掲載順 431/488 / https://award.tabelog.com/2020/restaurants/bronze
FOD-0771	ライラ			飲食店	フレンチ	The Tabelog Award 2020 Bronze	東京都								https://tabelog.com/tokyo/A1303/A130302/13156381/		未確認				46232	店舗照合済	The Tabelog Award 2020 Bronze / 公式受賞一覧全488件照合 / 公式掲載順 432/488 / https://award.tabelog.com/2020/restaurants/bronze
FOD-0772	ラ クレリエール			飲食店	フレンチ	The Tabelog Award 2020 Bronze	東京都								https://tabelog.com/tokyo/A1303/A130302/13194179/		未確認				46232	店舗照合済	The Tabelog Award 2020 Bronze / 公式受賞一覧全488件照合 / 公式掲載順 433/488 / https://award.tabelog.com/2020/restaurants/bronze
FOD-0773	ラシェット・ブランシュ			飲食店	フレンチ	The Tabelog Award 2020 Bronze	東京都								https://tabelog.com/tokyo/A1303/A130302/13004471/		未確認				46232	店舗照合済	The Tabelog Award 2020 Bronze / 公式受賞一覧全488件照合 / 公式掲載順 434/488 / https://award.tabelog.com/2020/restaurants/bronze
FOD-0774	ら すとらあだ			飲食店	そば	The Tabelog Award 2020 Bronze	東京都								https://tabelog.com/tokyo/A1303/A130302/13141774/		未確認				46232	店舗照合済	The Tabelog Award 2020 Bronze / 公式受賞一覧全488件照合 / 公式掲載順 435/488 / https://award.tabelog.com/2020/restaurants/bronze
FOD-0775	ラトリエ ドゥ プレジール			飲食店	その他	The Tabelog Award 2020 Bronze	東京都								https://tabelog.com/tokyo/A1303/A130302/13050412/		未確認				46232	店舗照合済	The Tabelog Award 2020 Bronze / 公式受賞一覧全488件照合 / 公式掲載順 436/488 / https://award.tabelog.com/2020/restaurants/bronze
FOD-0776	ラパルタメント ディ ナオキ			飲食店	イタリアン	The Tabelog Award 2020 Bronze	東京都								https://tabelog.com/tokyo/A1303/A130302/13120467/		未確認				46232	店舗照合済	The Tabelog Award 2020 Bronze / 公式受賞一覧全488件照合 / 公式掲載順 437/488 / https://award.tabelog.com/2020/restaurants/bronze
FOD-0777	ラ ペ			飲食店	フレンチ	The Tabelog Award 2020 Bronze	東京都								https://tabelog.com/tokyo/A1303/A130302/13173559/		未確認				46232	店舗照合済	The Tabelog Award 2020 Bronze / 公式受賞一覧全488件照合 / 公式掲載順 439/488 / https://award.tabelog.com/2020/restaurants/bronze
FOD-0778	らんまる			飲食店	寿司	The Tabelog Award 2020 Bronze	東京都								https://tabelog.com/tokyo/A1303/A130302/13217903/		未確認				46232	店舗照合済	The Tabelog Award 2020 Bronze / 公式受賞一覧全488件照合 / 公式掲載順 441/488 / https://award.tabelog.com/2020/restaurants/bronze
FOD-0779	Libre			飲食店	フレンチ	The Tabelog Award 2020 Bronze	東京都								https://tabelog.com/tokyo/A1303/A130302/13222761/		未確認				46232	店舗照合済	The Tabelog Award 2020 Bronze / 公式受賞一覧全488件照合 / 公式掲載順 442/488 / https://award.tabelog.com/2020/restaurants/bronze
FOD-0780	Lien			飲食店	フレンチ	The Tabelog Award 2020 Bronze	東京都								https://tabelog.com/tokyo/A1303/A130302/13176808/		未確認				46232	店舗照合済	The Tabelog Award 2020 Bronze / 公式受賞一覧全488件照合 / 公式掲載順 443/488 / https://award.tabelog.com/2020/restaurants/bronze
FOD-0781	リストランテ ペガソ			飲食店	イタリアン	The Tabelog Award 2020 Bronze	東京都								https://tabelog.com/tokyo/A1303/A130302/13152248/		未確認				46232	店舗照合済	The Tabelog Award 2020 Bronze / 公式受賞一覧全488件照合 / 公式掲載順 444/488 / https://award.tabelog.com/2020/restaurants/bronze
FOD-0782	リストランテ ASO			飲食店	イタリアン	The Tabelog Award 2020 Bronze	東京都								https://tabelog.com/tokyo/A1303/A130302/13003356/		未確認				46232	店舗照合済	The Tabelog Award 2020 Bronze / 公式受賞一覧全488件照合 / 公式掲載順 445/488 / https://award.tabelog.com/2020/restaurants/bronze
FOD-0783	リストランテ･ヒロ  青山			飲食店	イタリアン	The Tabelog Award 2020 Bronze	東京都								https://tabelog.com/tokyo/A1303/A130302/13002025/		未確認				46232	店舗照合済	The Tabelog Award 2020 Bronze / 公式受賞一覧全488件照合 / 公式掲載順 446/488 / https://award.tabelog.com/2020/restaurants/bronze
FOD-0784	リストランテ センソ			飲食店	イタリアン	The Tabelog Award 2020 Bronze	東京都								https://tabelog.com/tokyo/A1303/A130302/13193100/		未確認				46232	店舗照合済	The Tabelog Award 2020 Bronze / 公式受賞一覧全488件照合 / 公式掲載順 447/488 / https://award.tabelog.com/2020/restaurants/bronze
FOD-0785	リストランテ 濱崎			飲食店	イタリアン	The Tabelog Award 2020 Bronze	東京都								https://tabelog.com/tokyo/A1303/A130302/13005340/		未確認				46232	店舗照合済	The Tabelog Award 2020 Bronze / 公式受賞一覧全488件照合 / 公式掲載順 448/488 / https://award.tabelog.com/2020/restaurants/bronze
FOD-0786	リストランテ ラ・バリック トウキョウ			飲食店	イタリアン	The Tabelog Award 2020 Bronze	東京都								https://tabelog.com/tokyo/A1303/A130302/13044652/		未確認				46232	店舗照合済	The Tabelog Award 2020 Bronze / 公式受賞一覧全488件照合 / 公式掲載順 449/488 / https://award.tabelog.com/2020/restaurants/bronze
FOD-0787	里葉亭			飲食店	焼き鳥・鳥料理	The Tabelog Award 2020 Bronze	神奈川県								https://tabelog.com/tokyo/A1303/A130302/14001650/		未確認				46232	店舗照合済	The Tabelog Award 2020 Bronze / 公式受賞一覧全488件照合 / 公式掲載順 450/488 / https://award.tabelog.com/2020/restaurants/bronze
FOD-0788	料亭 やまさ旅館			飲食店	魚介料理・海鮮料理	The Tabelog Award 2020 Bronze	大分県								https://tabelog.com/tokyo/A1303/A130302/44001011/		未確認				46232	店舗照合済	The Tabelog Award 2020 Bronze / 公式受賞一覧全488件照合 / 公式掲載順 451/488 / https://award.tabelog.com/2020/restaurants/bronze
FOD-0789	料理 川口			飲食店	日本料理	The Tabelog Award 2020 Bronze	京都府								https://tabelog.com/tokyo/A1303/A130302/26006453/		未確認				46232	店舗照合済	The Tabelog Award 2020 Bronze / 公式受賞一覧全488件照合 / 公式掲載順 452/488 / https://award.tabelog.com/2020/restaurants/bronze
FOD-0790	料理屋 植むら			飲食店	日本料理	The Tabelog Award 2020 Bronze	兵庫県								https://tabelog.com/tokyo/A1303/A130302/28006093/		未確認				46232	店舗照合済	The Tabelog Award 2020 Bronze / 公式受賞一覧全488件照合 / 公式掲載順 453/488 / https://award.tabelog.com/2020/restaurants/bronze
FOD-0791	ル・ジャルダン・デ・サヴール			飲食店	フレンチ	The Tabelog Award 2020 Bronze	東京都								https://tabelog.com/tokyo/A1303/A130302/13002341/		未確認				46232	店舗照合済	The Tabelog Award 2020 Bronze / 公式受賞一覧全488件照合 / 公式掲載順 454/488 / https://award.tabelog.com/2020/restaurants/bronze
FOD-0792	ル・ブルギニオン			飲食店	フレンチ	The Tabelog Award 2020 Bronze	東京都								https://tabelog.com/tokyo/A1303/A130302/13005328/		未確認				46232	店舗照合済	The Tabelog Award 2020 Bronze / 公式受賞一覧全488件照合 / 公式掲載順 455/488 / https://award.tabelog.com/2020/restaurants/bronze
FOD-0793	ル・マノアール・ダスティン			飲食店	フレンチ	The Tabelog Award 2020 Bronze	東京都								https://tabelog.com/tokyo/A1303/A130302/13000331/		未確認				46232	店舗照合済	The Tabelog Award 2020 Bronze / 公式受賞一覧全488件照合 / 公式掲載順 456/488 / https://award.tabelog.com/2020/restaurants/bronze
FOD-0794	ル・マンジュ・トゥー			飲食店	フレンチ	The Tabelog Award 2020 Bronze	東京都								https://tabelog.com/tokyo/A1303/A130302/13000469/		未確認				46232	店舗照合済	The Tabelog Award 2020 Bronze / 公式受賞一覧全488件照合 / 公式掲載順 457/488 / https://award.tabelog.com/2020/restaurants/bronze
FOD-0795	Le Ciel			飲食店	フレンチ	The Tabelog Award 2020 Bronze	東京都								https://tabelog.com/tokyo/A1303/A130302/13199145/		未確認				46232	店舗照合済	The Tabelog Award 2020 Bronze / 公式受賞一覧全488件照合 / 公式掲載順 458/488 / https://award.tabelog.com/2020/restaurants/bronze
FOD-0796	ル スプートニク			飲食店	フレンチ	The Tabelog Award 2020 Bronze	東京都								https://tabelog.com/tokyo/A1303/A130302/13184105/		未確認				46232	店舗照合済	The Tabelog Award 2020 Bronze / 公式受賞一覧全488件照合 / 公式掲載順 459/488 / https://award.tabelog.com/2020/restaurants/bronze
FOD-0797	ルメルシマン オカモト			飲食店	フレンチ	The Tabelog Award 2020 Bronze	東京都								https://tabelog.com/tokyo/A1303/A130302/13145384/		未確認				46232	店舗照合済	The Tabelog Award 2020 Bronze / 公式受賞一覧全488件照合 / 公式掲載順 460/488 / https://award.tabelog.com/2020/restaurants/bronze
FOD-0798	レヴォル			飲食店	フレンチ	The Tabelog Award 2020 Bronze	東京都								https://tabelog.com/tokyo/A1303/A130302/13219129/		未確認				46232	店舗照合済	The Tabelog Award 2020 Bronze / 公式受賞一覧全488件照合 / 公式掲載順 461/488 / https://award.tabelog.com/2020/restaurants/bronze
FOD-0799	レクテ			飲食店	フレンチ	The Tabelog Award 2020 Bronze	東京都								https://tabelog.com/tokyo/A1303/A130302/13036041/		未確認				46232	店舗照合済	The Tabelog Award 2020 Bronze / 公式受賞一覧全488件照合 / 公式掲載順 462/488 / https://award.tabelog.com/2020/restaurants/bronze
FOD-0800	レスト ケイ ヤマウチ			飲食店	フレンチ	The Tabelog Award 2020 Bronze	愛知県								https://tabelog.com/tokyo/A1303/A130302/23052570/		未確認				46232	店舗照合済	The Tabelog Award 2020 Bronze / 公式受賞一覧全488件照合 / 公式掲載順 463/488 / https://award.tabelog.com/2020/restaurants/bronze
FOD-0801	レストラン ウオゼン			飲食店	フレンチ	The Tabelog Award 2020 Bronze	新潟県								https://tabelog.com/tokyo/A1303/A130302/15015200/		未確認				46232	店舗照合済	The Tabelog Award 2020 Bronze / 公式受賞一覧全488件照合 / 公式掲載順 464/488 / https://award.tabelog.com/2020/restaurants/bronze
FOD-0802	レストラン アラジン			飲食店	フレンチ	The Tabelog Award 2020 Bronze	東京都								https://tabelog.com/tokyo/A1303/A130302/13004454/		未確認				46232	店舗照合済	The Tabelog Award 2020 Bronze / 公式受賞一覧全488件照合 / 公式掲載順 467/488 / https://award.tabelog.com/2020/restaurants/bronze
FOD-0803	アルシミスト			飲食店	フレンチ	The Tabelog Award 2020 Bronze	東京都								https://tabelog.com/tokyo/A1303/A130302/13128454/		未確認				46232	店舗照合済	The Tabelog Award 2020 Bronze / 公式受賞一覧全488件照合 / 公式掲載順 468/488 / https://award.tabelog.com/2020/restaurants/bronze
FOD-0804	エール			飲食店	フレンチ	The Tabelog Award 2020 Bronze	東京都								https://tabelog.com/tokyo/A1303/A130302/13186624/		未確認				46232	店舗照合済	The Tabelog Award 2020 Bronze / 公式受賞一覧全488件照合 / 公式掲載順 469/488 / https://award.tabelog.com/2020/restaurants/bronze
FOD-0805	レストラン クレッセント			飲食店	フレンチ	The Tabelog Award 2020 Bronze	東京都								https://tabelog.com/tokyo/A1303/A130302/13001521/		未確認				46232	店舗照合済	The Tabelog Award 2020 Bronze / 公式受賞一覧全488件照合 / 公式掲載順 470/488 / https://award.tabelog.com/2020/restaurants/bronze
FOD-0806	レストラン コバヤシ			飲食店	フレンチ	The Tabelog Award 2020 Bronze	東京都								https://tabelog.com/tokyo/A1303/A130302/13002939/		未確認				46232	店舗照合済	The Tabelog Award 2020 Bronze / 公式受賞一覧全488件照合 / 公式掲載順 471/488 / https://award.tabelog.com/2020/restaurants/bronze
FOD-0807	レストラン タテル ヨシノ 銀座			飲食店	フレンチ	The Tabelog Award 2020 Bronze	東京都								https://tabelog.com/tokyo/A1303/A130302/13055145/		未確認				46232	店舗照合済	The Tabelog Award 2020 Bronze / 公式受賞一覧全488件照合 / 公式掲載順 472/488 / https://award.tabelog.com/2020/restaurants/bronze
FOD-0808	レストラン マノワ			飲食店	フレンチ	The Tabelog Award 2020 Bronze	東京都								https://tabelog.com/tokyo/A1303/A130302/13133477/		未確認				46232	店舗照合済	The Tabelog Award 2020 Bronze / 公式受賞一覧全488件照合 / 公式掲載順 473/488 / https://award.tabelog.com/2020/restaurants/bronze
FOD-0809	レストラン ラ・フロレゾン・ドゥ・タケウチ			飲食店	フレンチ	The Tabelog Award 2020 Bronze	愛知県								https://tabelog.com/tokyo/A1303/A130302/23048448/		未確認				46232	店舗照合済	The Tabelog Award 2020 Bronze / 公式受賞一覧全488件照合 / 公式掲載順 474/488 / https://award.tabelog.com/2020/restaurants/bronze
FOD-0810	レストラン ラ フィネス			飲食店	フレンチ	The Tabelog Award 2020 Bronze	東京都								https://tabelog.com/tokyo/A1303/A130302/13139171/		未確認				46232	店舗照合済	The Tabelog Award 2020 Bronze / 公式受賞一覧全488件照合 / 公式掲載順 475/488 / https://award.tabelog.com/2020/restaurants/bronze
FOD-0811	レストラン リューズ			飲食店	フレンチ	The Tabelog Award 2020 Bronze	東京都								https://tabelog.com/tokyo/A1303/A130302/13122126/		未確認				46232	店舗照合済	The Tabelog Award 2020 Bronze / 公式受賞一覧全488件照合 / 公式掲載順 476/488 / https://award.tabelog.com/2020/restaurants/bronze
FOD-0812	レ セゾン			飲食店	フレンチ	The Tabelog Award 2020 Bronze	東京都								https://tabelog.com/tokyo/A1303/A130302/13002294/		未確認				46232	店舗照合済	The Tabelog Award 2020 Bronze / 公式受賞一覧全488件照合 / 公式掲載順 477/488 / https://award.tabelog.com/2020/restaurants/bronze
FOD-0813	レンゲ			飲食店	中華料理	The Tabelog Award 2020 Bronze	東京都								https://tabelog.com/tokyo/A1303/A130302/13183555/		未確認				46232	店舗照合済	The Tabelog Award 2020 Bronze / 公式受賞一覧全488件照合 / 公式掲載順 478/488 / https://award.tabelog.com/2020/restaurants/bronze
FOD-0814	蓮香			飲食店	中華料理	The Tabelog Award 2020 Bronze	東京都								https://tabelog.com/tokyo/A1303/A130302/13190771/		未確認				46232	店舗照合済	The Tabelog Award 2020 Bronze / 公式受賞一覧全488件照合 / 公式掲載順 479/488 / https://award.tabelog.com/2020/restaurants/bronze
FOD-0815	L'Octave Hayato KOBAYASHI			飲食店	フレンチ	The Tabelog Award 2020 Bronze	東京都								https://tabelog.com/tokyo/A1303/A130302/13186978/		未確認				46232	店舗照合済	The Tabelog Award 2020 Bronze / 公式受賞一覧全488件照合 / 公式掲載順 481/488 / https://award.tabelog.com/2020/restaurants/bronze
FOD-0816	RODEO			飲食店	イタリアン	The Tabelog Award 2020 Bronze	東京都								https://tabelog.com/tokyo/A1303/A130302/13213575/		未確認				46232	店舗照合済	The Tabelog Award 2020 Bronze / 公式受賞一覧全488件照合 / 公式掲載順 482/488 / https://award.tabelog.com/2020/restaurants/bronze
FOD-0817	ロドラント ミノルナキジン			飲食店	フレンチ	The Tabelog Award 2020 Bronze	東京都								https://tabelog.com/tokyo/A1303/A130302/13054492/		未確認				46232	店舗照合済	The Tabelog Award 2020 Bronze / 公式受賞一覧全488件照合 / 公式掲載順 483/488 / https://award.tabelog.com/2020/restaurants/bronze
FOD-0818	和ごころ 泉			飲食店	日本料理	The Tabelog Award 2020 Bronze	京都府								https://tabelog.com/tokyo/A1303/A130302/26006071/		未確認				46232	店舗照合済	The Tabelog Award 2020 Bronze / 公式受賞一覧全488件照合 / 公式掲載順 485/488 / https://award.tabelog.com/2020/restaurants/bronze
FOD-0819	和食 こんどう			飲食店	日本料理	The Tabelog Award 2020 Bronze	東京都								https://tabelog.com/tokyo/A1303/A130302/13150477/		未確認				46232	店舗照合済	The Tabelog Award 2020 Bronze / 公式受賞一覧全488件照合 / 公式掲載順 486/488 / https://award.tabelog.com/2020/restaurants/bronze
FOD-0820	和 dining 清乃			ラーメン店	ラーメン	The Tabelog Award 2020 Bronze	和歌山県								https://tabelog.com/tokyo/A1303/A130302/30000653/		未確認				46232	店舗照合済	The Tabelog Award 2020 Bronze / 公式受賞一覧全488件照合 / 公式掲載順 487/488 / https://award.tabelog.com/2020/restaurants/bronze
FOD-0821	和田金			飲食店	焼肉・すき焼き・しゃぶしゃぶ	The Tabelog Award 2020 Bronze	三重県								https://tabelog.com/tokyo/A1303/A130302/24000069/		未確認				46232	店舗照合済	The Tabelog Award 2020 Bronze / 公式受賞一覧全488件照合 / 公式掲載順 488/488 / https://award.tabelog.com/2020/restaurants/bronze
